#{"t_start": 1780240542.622753, "env_id": "Walker2d-v4"}
r,l,t
-5.00252,15,1.018424
-4.662207,10,1.032004
2.185251,17,1.055243
-8.202945,29,1.09499
2.495195,29,1.133637
-0.241489,10,1.151581
1.763835,13,1.168667
2.813699,16,1.189926
5.525379,25,1.222253
-0.060772,11,1.236515
-4.260833,12,1.258836
-0.286153,15,1.280119
0.727213,17,1.302415
0.319193,14,1.320643
-1.498644,10,1.333528
-1.856078,12,1.349746
-2.662946,15,1.369043
1.822568,25,1.401438
-3.708475,23,1.431698
1.039912,12,1.447506
0.460076,31,1.488361
-1.890876,23,1.518801
-0.506811,10,1.53271
-2.326911,13,1.549664
-3.855201,15,1.568841
1.207837,23,1.598923
0.150269,24,1.644444
-5.02744,22,1.686932
3.828143,21,1.714558
1.689415,14,3.213247
-1.325109,9,3.226095
-2.406564,10,3.239778
-1.603777,14,3.259017
5.410553,30,3.301016
-1.504965,31,3.34175
-2.145363,30,3.381798
2.001774,18,3.405728
0.00494,20,3.43156
-3.329025,8,3.442042
3.684512,15,3.461776
-7.034346,25,3.494447
1.425017,13,3.51119
-4.318204,17,3.533609
14.128081,43,3.589813
1.848757,14,3.609045
-3.984379,27,3.644939
7.166164,22,3.69322
7.693089,34,3.740672
-3.434697,7,3.74974
1.630222,27,3.785066
1.292701,13,3.801893
-1.423607,11,3.816401
2.655689,14,3.838722
-5.588432,26,3.873986
-0.059107,17,3.896365
-6.548699,18,5.554695
3.042247,19,5.580473
-0.49964,16,5.60225
3.498048,19,5.62702
-2.999797,9,5.63883
1.709581,14,5.65783
-4.374292,9,5.669679
-5.149515,11,5.68422
7.708682,36,5.731473
8.420661,26,5.765575
-9.049529,11,5.780202
0.773407,17,5.802498
-3.622778,16,5.824328
-0.712029,12,5.841306
-0.363561,14,5.860459
22.253153,51,5.933075
6.159163,20,5.960093
4.545422,24,5.99164
9.376146,20,6.018309
3.793857,14,6.036664
2.249559,18,6.060148
2.36562,32,6.103921
9.12723,17,6.12704
0.569479,24,6.158337
1.043505,25,6.19082
3.646242,13,6.208217
-1.393951,30,7.995854
20.142186,46,8.067435
2.011159,16,8.091537
0.794906,15,8.11151
-3.732354,24,8.147832
6.614965,37,8.197963
28.279444,40,8.250774
-0.470187,24,8.282772
-1.55736,15,8.302738
1.374393,19,8.327972
-8.247159,17,8.35062
1.087101,12,8.366825
-1.071058,17,8.389548
2.59086,18,8.413925
12.077587,26,8.448554
10.027965,22,8.480806
1.992176,17,8.505747
-4.957619,9,8.518059
11.514013,20,8.545232
-1.742715,18,8.569268
14.769334,33,8.613544
-3.604919,28,8.651431
-8.948396,29,10.401532
18.589785,44,10.462512
5.906013,18,10.489121
21.525646,50,10.56601
4.340634,15,10.587566
1.720494,22,10.617765
-4.877649,20,10.644405
22.365122,44,10.706026
11.807173,24,10.737986
-6.111311,14,10.756395
3.359953,28,10.7957
-3.148822,13,10.813409
8.014336,24,10.845775
-7.806988,66,10.935416
-0.362816,9,10.947756
4.493696,15,10.970992
1.030142,17,10.99406
1.819195,32,11.037468
28.287297,35,11.084809
-1.479556,26,12.948434
1.272452,14,12.968437
-1.213258,18,12.994953
48.731464,60,13.088657
6.166354,39,13.14345
12.85878,36,13.194653
11.095961,29,13.236068
1.56501,22,13.269114
6.810795,21,13.307466
-1.081411,12,13.324403
-1.683895,18,13.350991
6.68482,25,13.386098
-2.727106,13,13.404593
-1.252901,33,13.459313
-1.066065,21,13.491109
-0.550871,10,13.506819
-2.293158,12,13.523737
23.457118,48,13.593072
-0.781811,37,13.645285
16.191652,38,15.2293
6.718957,36,15.294132
4.49084,19,15.321559
-0.111872,12,15.340404
5.707297,48,15.411817
4.713431,35,15.468627
4.453967,26,15.507255
1.816078,23,15.54465
6.197397,32,15.588782
18.609251,42,15.649935
-1.082668,25,15.687471
-1.614179,18,15.713693
16.862472,43,15.778431
1.541314,32,15.828114
13.572579,30,15.871329
-0.441111,19,15.898554
4.38283,29,15.941345
6.195201,33,15.995817
8.064739,28,17.751292
10.911149,39,17.808125
-3.531201,15,17.83399
2.240154,17,17.85996
-9.939477,17,17.885654
35.906237,52,17.965806
0.506679,14,17.991941
2.006282,16,18.018273
-3.190454,12,18.036431
16.310877,29,18.092708
4.601733,17,18.163811
19.474121,60,18.387237
1.310431,20,18.42224
-6.512756,8,18.43648
-3.502001,13,18.459344
0.767221,24,18.500894
-2.325073,16,18.52855
-2.336665,16,18.555411
15.281151,29,18.60934
6.974874,26,18.654967
11.470179,33,18.712667
27.41242,55,20.547507
12.125767,49,20.617864
1.176801,17,20.640457
17.112893,36,20.689221
22.731932,34,20.733724
3.522975,19,20.758509
16.417482,36,20.808856
20.067287,52,20.916331
2.277505,19,20.950978
12.711251,30,20.998222
11.991903,34,21.042224
-1.931595,19,21.066913
-4.772803,20,21.09308
6.184612,19,21.118712
5.706084,23,21.149539
11.964419,34,21.197055
-1.16054,16,21.218865
-3.134864,13,21.236971
26.606686,36,23.705725
49.431502,63,23.804141
29.473248,64,23.894776
22.94963,42,23.953865
6.766751,19,23.981474
-0.882446,19,24.013871
0.607715,28,24.052088
19.402137,45,24.117311
-0.573015,13,24.134838
28.998158,65,24.222789
3.069949,14,24.242204
1.038708,62,24.328024
8.291003,33,24.373246
0.49542,20,26.215615
3.396766,15,26.236651
4.571761,18,26.26572
-2.406988,11,26.282741
26.704302,39,26.341615
16.200223,30,26.38498
1.4652,22,26.417402
55.028953,69,26.517737
8.815462,26,26.557826
0.344501,14,26.580441
-2.07147,14,26.60131
33.422718,62,26.692422
24.859944,50,26.767197
12.967651,30,26.813528
9.487527,24,26.849456
18.386445,55,26.944035
24.456768,50,28.889256
-0.609988,14,28.910008
17.243094,40,28.9675
88.973138,90,29.104208
-4.267455,10,29.118282
20.523953,45,29.189106
21.880779,54,29.267207
-1.883668,10,29.28133
10.049231,27,29.320326
28.48262,82,29.4385
14.740679,41,29.512651
23.873973,34,29.561194
210.208498,144,31.639025
2.376171,11,31.655016
10.267599,34,31.706577
11.572016,31,31.752837
3.954213,18,31.780322
2.477378,20,31.81202
21.739092,35,31.865402
-1.138251,9,31.878529
41.94754,62,31.985687
-4.864136,15,32.007298
61.742304,79,32.126967
16.367391,36,32.179946
13.434359,28,32.221156
60.619415,104,34.23188
7.64869,42,34.295555
40.377426,68,34.395293
143.317377,122,34.600737
32.405228,54,34.684496
22.32177,48,34.754788
24.509927,43,34.818102
8.85056,26,34.854138
16.668775,34,36.744938
19.151496,39,36.8217
9.651333,53,36.908095
24.920196,38,36.966672
12.728541,34,37.018986
157.401168,95,37.165124
118.005713,98,37.309428
35.744487,66,37.41048
49.616831,57,37.493107
7.887214,26,37.532701
271.378525,183,39.622646
33.30644,44,39.690653
-1.622467,16,39.713743
35.590622,65,39.815696
82.515423,119,39.987611
8.379515,22,40.021758
14.172984,37,40.085059
37.95102,55,42.058169
24.024598,55,42.145045
12.115063,27,42.199869
14.338502,31,42.248229
152.141462,136,42.454597
30.255614,68,42.558076
40.098752,63,42.654701
23.721779,48,42.727477
206.092153,115,44.665236
9.085728,26,44.703461
143.102282,192,45.061686
204.553641,135,45.282677
206.195387,113,46.93891
13.347487,48,47.025607
21.803442,80,47.155104
64.621684,85,47.276207
63.827186,186,47.546583
11.759027,23,47.582698
176.253904,195,49.465877
219.90634,132,49.663874
44.852857,58,49.747996
14.712218,30,49.791035
71.864203,101,49.951235
138.015942,144,51.724324
54.015642,119,51.912997
63.28951,80,52.053266
31.250723,44,52.11679
14.643658,34,52.165806
35.516904,113,52.361327
20.459857,45,52.435322
18.091937,33,54.2535
50.930995,81,54.401663
247.734762,174,54.673414
177.043961,100,54.836821
229.557668,134,57.372241
29.106804,54,57.453417
118.08198,171,57.715747
34.944411,104,57.867234
152.769179,166,58.14936
206.566393,287,60.263264
102.134112,100,60.442932
2.579391,20,60.47233
50.692353,87,60.602357
86.057353,271,62.60471
288.518359,165,62.843574
49.796454,60,62.933102
277.751741,179,64.826293
258.32467,146,65.037552
403.28837,327,67.076538
255.439973,168,67.335372
285.122832,154,67.563817
73.124794,88,67.705805
169.780635,202,69.544728
231.139958,126,69.756826
185.107928,133,70.004434
112.088349,134,71.778072
286.938873,172,72.041171
272.462675,181,72.308015
187.755277,96,73.971702
201.891257,114,74.162639
240.49556,163,74.472672
269.480218,146,74.680522
283.200646,143,76.486052
296.703,171,76.836089
102.195228,181,77.110722
143.142299,176,79.428682
239.745107,137,79.697969
329.843275,259,80.125685
47.080485,135,82.101139
263.20384,144,82.332459
32.727584,61,82.445206
159.750021,231,84.086922
312.803184,203,84.375046
297.888525,170,84.67644
266.31183,138,86.261133
271.196464,162,86.561059
120.588879,90,86.705953
309.302994,194,87.010825
261.660678,164,89.502141
210.739955,125,89.711524
295.340793,189,90.092033
408.244261,257,92.035285
326.217299,395,94.156712
283.84413,165,94.466162
396.34768,264,94.937322
285.699105,187,96.748696
285.697937,170,97.000327
332.656114,221,98.958509
311.950649,190,99.293832
335.937914,201,99.659903
342.831909,249,101.843097
264.262175,155,102.192257
270.773854,143,102.449195
243.815929,131,104.166954
217.023318,115,104.346479
295.550332,169,104.665946
28.416068,45,104.738327
270.289629,176,106.778457
226.569076,133,106.975265
64.479156,164,107.226765
281.105621,151,109.258248
235.921901,169,109.528256
288.266839,176,109.813169
79.724365,103,109.977943
221.152874,117,111.952861
408.567838,284,112.395509
255.864545,143,112.613803
309.583985,173,114.26376
261.031418,157,114.504453
299.586631,174,114.78626
189.17401,110,116.410089
318.595078,223,116.784344
334.879124,202,117.124239
241.624421,129,118.71285
79.551535,156,118.948018
588.550454,445,121.003924
269.585626,152,121.234829
239.850601,175,124.243651
304.772528,183,124.537555
228.157949,135,124.740115
235.702943,134,124.948771
198.844271,116,126.523081
213.96746,134,126.727341
333.045687,199,127.022266
274.557387,165,129.015529
382.333775,285,129.460514
227.696544,129,129.656043
210.232663,122,131.413592
134.114199,210,131.729453
134.788451,208,133.475338
328.026544,203,133.77873
333.68194,233,134.130906
255.488966,127,135.774022
300.78463,199,136.068405
92.753238,151,136.285405
287.733435,158,138.043085
94.652506,223,138.717392
286.976233,176,139.062227
268.197294,146,140.556702
291.912015,167,140.798838
300.941799,162,141.031294
235.696473,122,142.523816
382.077612,271,143.033601
231.380735,112,143.189648
304.68138,187,144.777763
304.724928,177,145.055627
283.32427,173,145.311264
247.098389,130,146.842987
416.925549,294,147.374804
301.158638,170,148.9945
252.503523,142,149.205651
327.33806,198,149.501554
315.95704,184,151.187007
305.370798,169,151.445324
287.489256,167,151.735219
100.284191,238,153.522415
264.412182,136,153.731352
301.458576,171,153.989242
231.501008,115,154.158559
304.634481,166,156.529693
325.112302,202,156.868722
286.296487,164,158.569365
276.772347,143,158.785731
290.419194,165,159.036257
0.241954,12,159.053137
300.827255,164,159.314914
286.661148,159,160.915819
327.704002,218,161.325881
371.621031,232,163.060147
216.376062,115,163.228272
286.189691,159,163.492072
374.360186,212,165.341491
233.467181,113,165.507123
270.552256,159,165.754503
277.552229,163,166.001135
335.42312,202,167.713208
343.239352,202,168.033759
326.242388,167,169.595515
305.367484,161,169.837231
298.002659,162,170.088821
185.367044,107,170.259122
358.315019,220,171.92782
258.517406,136,172.131365
227.4845,114,172.299796
238.206563,125,174.218009
255.50534,133,174.42115
143.971043,256,174.826819
255.404259,126,176.485185
379.991626,227,176.849338
372.492894,223,177.197851
301.039492,168,178.970484
270.987751,132,179.165884
279.919868,146,179.387923
266.840704,139,181.044085
369.77939,204,181.365178
55.889133,163,181.644989
328.294514,211,183.447328
204.480736,124,183.654191
403.550952,258,184.055362
230.134081,116,185.675056
205.882585,103,185.826332
256.345152,129,186.051741
347.618365,198,188.533962
257.225093,140,188.752775
203.502722,104,188.918076
316.077304,161,189.200077
342.986099,207,191.055447
430.641293,259,191.455302
318.092958,169,193.289136
312.915924,178,193.564098
260.910841,132,193.763129
284.42708,147,194.002793
193.071324,102,195.666185
323.079085,170,195.937378
262.334684,140,196.15642
301.951485,151,197.832834
359.573994,192,198.111479
305.592283,168,198.593361
303.486225,160,200.264351
284.423717,164,200.489932
283.441337,158,200.707751
396.13418,249,202.440634
307.306587,161,202.674802
338.57336,186,202.931647
296.045134,150,204.587054
376.323635,229,204.94452
246.676691,129,205.135257
356.694666,186,206.830045
282.239976,130,207.015327
91.36224,196,207.309009
367.925623,210,209.11406
396.650052,233,209.469511
187.886428,101,209.618315
263.25981,131,211.246146
346.348497,162,211.494902
276.720977,153,211.731503
278.866998,136,213.423856
274.063134,127,213.626547
321.113071,159,213.877342
399.347618,242,215.861145
335.090093,155,216.09527
330.202933,167,216.362699
352.120361,191,218.257933
306.913002,162,218.513153
365.508863,190,218.795093
330.834184,171,221.304653
275.561988,138,221.532599
288.874255,168,221.814962
280.50414,135,222.072431
289.580576,154,223.892127
213.04726,111,224.059946
284.801529,143,224.277878
338.056673,204,226.0708
206.798115,100,226.22736
279.733187,142,226.440867
304.68848,144,226.676306
291.446872,182,228.362802
6.897321,29,228.427405
312.865208,157,228.664859
359.199575,202,230.435918
318.504484,184,230.718159
367.038907,207,231.021901
311.273331,160,232.674191
200.184728,113,232.836414
503.495336,352,234.781636
319.988924,154,235.005858
305.335482,164,235.245045
377.224987,222,237.984276
290.470151,152,238.226052
299.60512,163,238.469132
315.953649,175,240.432536
240.471051,122,240.653965
297.978856,152,240.888825
331.41969,169,241.172964
317.331805,149,243.054193
309.312158,147,243.301115
354.752632,206,243.640989
366.368921,210,245.643842
346.250435,172,245.907682
459.345259,310,247.925504
293.082388,155,248.194632
335.69341,170,248.475573
299.982378,149,250.08034
235.108513,134,250.274786
347.305607,196,250.578408
322.358127,168,252.267579
288.323751,150,252.490098
363.009088,198,252.787868
297.97309,156,255.260005
362.844531,178,255.553556
263.566554,138,255.764292
325.613832,177,257.410681
450.716742,273,257.856329
319.133165,167,258.114213
249.211953,143,260.277959
285.251149,137,260.470228
435.250358,249,260.821132
244.225613,125,262.478688
347.90285,175,262.725888
320.61209,164,262.9869
252.076671,128,264.446767
341.917396,179,264.703261
335.195453,188,264.993261
319.355409,166,266.549912
330.837137,176,266.801098
342.360341,171,267.069551
306.964346,165,268.662915
340.145296,170,268.909369
382.647588,211,269.223724
364.235533,191,270.874619
389.50419,206,271.181477
262.131667,135,271.390699
309.989717,153,272.962287
306.787327,167,273.204454
328.943751,154,273.430601
277.496106,137,274.956799
282.839425,137,275.15695
263.753494,123,275.336747
352.567704,187,276.893884
376.137854,172,277.153207
354.320093,174,277.420264
266.519625,141,277.632289
449.241481,242,279.328239
295.364151,132,279.52124
337.237484,170,281.258367
324.694913,163,281.540998
361.964093,191,281.830723
258.601969,129,282.01727
306.208268,164,283.673136
322.395051,165,283.930588
435.996439,245,286.222354
302.844009,150,287.214872
384.014454,214,287.564844
269.156867,128,289.744865
359.42407,189,290.033778
391.348725,183,290.355558
297.261963,141,292.521014
452.523081,265,292.967099
375.448221,201,293.298925
382.270426,210,295.585432
307.191344,157,295.893186
378.869811,183,298.119386
372.255836,193,298.441707
375.764354,224,298.780148
370.909668,185,300.96545
374.878318,182,301.30263
297.664637,141,301.528926
281.934385,128,303.618398
408.661116,230,304.007867
369.232587,194,304.333956
273.84609,123,306.450333
375.365845,212,306.835911
453.401054,249,309.15777
398.084,205,309.569583
371.5372,189,309.887305
473.942994,308,312.41605
374.3402,193,312.763789
369.614293,197,315.009215
437.356306,232,315.396809
389.809207,234,317.635736
360.66251,193,317.994812
352.763373,185,318.29145
256.227415,126,321.323631
378.155739,200,321.626762
456.881279,259,322.124656
424.475421,225,324.234193
325.91002,171,324.483589
347.976812,173,326.551092
392.625606,197,326.873924
360.8792,195,327.244825
423.111015,224,329.413104
396.64086,210,329.775906
367.6072,208,332.054142
391.179053,212,332.401399
385.825112,189,332.713658
422.490521,231,334.974365
446.844514,241,335.406023
356.448831,181,337.577491
563.952095,383,338.206552
406.11497,207,340.391672
355.276613,188,340.684463
490.841017,287,342.965487
333.392934,160,343.197373
355.295408,175,343.474548
402.096345,212,345.466859
345.845972,173,345.720927
442.94088,235,347.363022
427.652393,203,347.663652
325.683227,178,347.914094
400.768185,226,349.548097
487.590832,298,349.978833
398.416095,207,351.624837
454.368962,239,351.973088
301.564629,127,354.355741
393.777887,180,354.622565
333.641293,158,354.860766
351.988851,184,356.53353
364.077494,166,356.780613
414.906659,213,357.113684
284.396377,130,358.753777
367.608342,179,359.024845
404.222016,195,360.36267
382.860849,197,361.980075
429.773355,248,362.347423
431.149357,254,364.05615
364.382114,183,364.334
419.29508,230,364.677253
331.505602,176,366.249662
313.201686,144,366.449401
373.549764,197,366.736227
419.130639,213,368.415153
416.650465,218,368.740645
456.030777,255,370.469775
355.50487,194,370.74789
368.829235,180,372.341133
423.27385,203,372.637081
333.082339,163,372.882834
297.679701,146,374.406128
377.958931,213,374.721199
515.415573,333,376.92376
393.227146,223,377.266725
404.799175,193,377.547186
362.048612,175,379.706536
351.951083,162,379.933474
500.978347,308,382.013343
394.659374,206,382.313834
364.530541,195,382.575491
454.6552,250,384.61255
57.866536,171,384.857915
345.132831,170,387.588888
336.389613,154,387.819477
407.368759,221,388.154137
300.470034,153,390.161369
355.051086,184,390.460687
368.576471,173,390.728582
415.491997,220,392.905833
327.446353,160,393.132567
377.166301,209,393.437147
354.107163,179,395.430384
338.956824,167,395.677978
361.392772,178,395.936515
300.966402,149,397.975063
325.503236,154,398.210134
500.219526,308,400.535142
437.461771,260,400.939514
403.255141,219,403.085433
367.575247,182,403.358877
348.018019,163,403.603789
380.508674,171,405.542024
377.695298,200,405.874685
523.907051,351,408.539387
431.116615,226,408.967243
401.603072,202,411.309148
381.665331,188,411.657681
420.803829,245,412.142306
365.313517,181,414.453547
368.237245,198,414.878261
415.056507,230,416.898464
345.89869,169,417.163167
459.829832,222,417.590887
387.463091,191,420.102565
408.087462,230,420.580492
305.209359,148,420.807573
354.684514,178,422.602031
327.071815,147,422.906729
306.694549,137,423.117393
391.373404,189,424.746089
331.454414,161,425.039034
428.994268,239,425.456008
372.34426,190,427.472032
444.263167,537,429.860089
330.667129,169,430.150949
362.49865,202,431.936399
347.457412,166,432.226202
462.271403,259,432.711089
328.366208,144,434.323871
362.732922,177,434.592861
464.016018,252,436.263088
335.272874,163,436.498924
381.476423,173,436.763761
319.752325,154,438.463981
274.798169,130,438.941718
369.324694,188,439.35931
337.284862,160,439.65015
364.030067,192,441.242322
408.156763,203,441.64785
331.675159,164,443.301085
327.161377,165,443.613992
346.877787,180,443.953104
403.005828,196,445.762959
353.165722,173,446.069824
148.060321,253,446.47226
408.243464,228,448.303866
367.734196,201,448.643637
403.462954,189,450.623835
407.663889,206,450.991257
354.209876,168,451.255717
389.329757,192,453.774069
393.393302,210,454.17831
308.452751,151,454.519251
328.630084,149,456.321584
389.938389,200,456.625149
320.829381,148,456.904241
359.889126,189,459.077014
304.561174,133,459.383859
367.837701,170,459.647395
409.408343,196,461.402981
335.944401,150,461.615863
332.836584,154,461.849157
381.27034,188,463.986931
326.627286,155,464.297153
370.405209,168,464.546824
310.701858,147,466.445222
376.428071,169,466.72084
327.548785,176,467.004547
373.494457,179,468.866569
394.804128,193,469.152908
365.603257,186,469.41976
373.155912,171,471.312063
408.290206,199,471.630279
444.603126,223,473.627238
379.31192,166,473.869977
323.614273,161,474.114527
370.193035,176,476.052984
402.205733,212,476.386177
403.484551,196,476.696775
332.629441,144,478.546311
369.981631,180,478.840288
606.83422,412,480.937678
374.31849,178,481.918026
391.997701,194,483.639031
375.758505,182,483.927272
302.942664,132,484.131826
302.165562,139,484.344304
313.913637,137,486.788696
400.238464,209,487.102924
388.340121,188,487.392864
374.468306,169,489.011321
367.841754,182,489.316822
360.560858,170,489.565142
419.286363,184,491.264064
356.662296,182,491.550667
391.454537,184,493.227066
386.107506,197,493.519947
366.051141,157,493.748959
340.621116,163,495.404595
384.372103,181,495.68422
441.011241,226,496.028611
362.665314,183,497.647862
354.128855,168,498.173854
326.870515,147,498.483661
373.822872,173,500.030967
363.152263,175,500.274931
358.470638,184,500.536255
364.088347,177,502.25112
310.140934,148,502.459277
334.885667,169,502.727627
363.15451,178,504.765334
428.431463,228,505.121192
347.489934,150,505.339673
315.90085,142,507.24104
354.554956,170,507.522481
324.85969,151,507.779076
304.387112,134,509.918198
469.112374,263,510.383605
317.255821,140,510.611853
395.982927,187,512.775937
346.788641,160,513.042215
340.52438,166,513.361482
352.194682,162,515.084049
316.870729,146,515.302184
352.502952,165,515.563397
319.570282,146,517.163933
392.69949,189,517.452522
339.883499,142,518.435156
346.634026,148,520.098458
420.05278,213,520.434912
414.034846,194,520.771659
291.087647,128,522.57478
359.792012,167,522.840255
326.940836,152,523.079432
335.074788,144,523.311853
321.031342,136,524.978567
394.678644,177,525.241096
377.045217,169,525.488695
284.332829,133,527.086383
369.168181,146,527.317633
261.069734,111,527.481902
381.803486,167,527.739098
339.851246,161,529.425017
393.847772,178,529.693509
241.898974,111,529.859864
274.479739,125,531.418756
321.487775,151,531.65046
471.331164,242,532.021245
366.014258,162,533.670537
310.538341,142,533.89178
319.997843,153,534.130996
344.990862,145,535.784147
328.831163,159,536.041738
353.643186,154,536.284078
365.259412,160,536.523578
404.429959,176,538.294098
306.466338,125,538.478811
383.972535,177,538.742592
334.587601,143,540.529155
403.272841,201,540.835261
399.868263,193,541.137888
279.074809,135,542.848638
307.196428,128,543.042627
372.613157,190,543.341063
324.039044,138,545.23159
392.224961,184,545.526215
245.089545,116,545.700695
376.970928,168,547.731161
353.119692,154,547.966219
361.267077,162,548.21407
416.469362,182,550.255383
409.122051,183,550.539263
346.480524,160,551.497967
276.617462,119,551.677754
379.91388,159,553.500278
395.061855,184,553.780702
335.090333,140,553.985553
433.441478,210,555.772485
348.776928,155,556.001163
362.491602,165,556.249569
388.346024,191,557.871444
412.518487,183,558.405735
341.66608,145,558.669649
352.505182,165,560.203583
319.409015,132,560.386146
357.940708,165,560.629271
372.926236,166,562.134448
386.730622,184,562.391162
327.475761,146,562.595846
397.572543,177,564.310527
366.161334,151,564.534806
408.834787,178,564.797594
367.945834,166,566.70665
367.818036,170,566.966346
222.554992,109,567.126929
372.204727,174,567.398024
216.492277,104,569.214513
389.333169,179,569.505736
396.227702,170,569.813005
331.90179,153,571.801105
366.453306,168,572.107313
398.07329,169,572.389654
443.637684,210,574.232499
396.384942,180,574.511753
364.017116,156,574.794108
428.020479,196,576.574556
310.432448,127,576.765359
326.257791,147,577.009923
392.333692,169,578.9845
350.864004,147,579.220447
536.267646,281,579.674382
381.605133,179,581.562819
393.147793,197,581.866239
397.966284,156,584.619254
358.922886,159,584.898586
359.698623,150,585.133931
368.208681,161,585.393174
357.986799,145,587.243367
344.293914,142,587.456774
469.581442,211,587.788619
431.994679,191,589.504993
397.670056,197,589.811973
401.38984,179,591.411029
410.56558,178,591.670636
357.350521,152,591.892492
343.512552,141,592.099292
408.36603,186,593.936954
364.377255,154,594.16251
322.360912,146,594.381002
415.017042,174,595.965385
366.760989,190,596.243098
376.120402,158,596.478476
292.614558,111,598.155474
413.26481,176,599.206074
422.926733,193,599.496662
366.122009,160,601.291276
400.105363,168,601.541949
417.249546,168,601.799459
503.711534,265,603.667092
243.998948,105,603.833017
478.01643,203,604.132619
374.392095,158,605.80645
366.396457,166,606.055018
419.740817,172,606.316229
440.937673,202,608.162509
444.191214,212,608.507825
402.147581,183,610.484717
279.37084,116,610.66706
328.893314,143,610.884863
380.185598,161,611.1611
459.443152,229,613.155136
370.678589,153,613.409702
380.313854,173,613.702927
440.198318,198,615.599917
398.347349,180,615.880532
361.80381,146,616.129747
443.916353,194,618.836691
481.222814,198,619.204897
268.33699,111,619.367136
378.532478,158,620.890363
310.41224,120,621.062742
383.954359,167,621.306283
373.121251,159,622.794605
315.282053,128,623.008429
440.55866,197,623.306332
416.820194,196,624.861179
458.870564,189,625.143601
325.853431,137,625.352449
427.825521,189,626.976696
376.58271,155,627.216305
417.961023,188,627.542151
372.636352,166,629.149344
428.659068,203,629.498208
369.183152,152,629.735546
440.314823,177,631.481433
331.010884,128,631.665663
445.099489,201,631.975611
423.806178,163,633.602471
299.060558,121,633.786885
400.190193,166,634.028265
430.204986,173,635.685384
414.501318,188,635.966703
233.389445,106,636.124516
331.244994,132,636.322484
418.943076,175,637.932669
407.792519,170,638.227889
317.00486,133,638.478054
438.708481,215,640.159002
277.142248,115,640.358279
464.67222,182,640.652651
395.274426,167,642.247095
473.00526,228,642.594073
407.421729,171,642.881537
381.828235,157,644.508021
298.857651,124,644.702765
393.583525,189,645.008618
366.171361,156,646.794884
467.911316,189,647.100779
357.23755,158,647.372979
424.987511,189,649.250762
323.496583,129,650.147698
446.231894,201,650.483541
374.215209,174,652.350002
425.963326,168,652.623007
403.814608,178,652.943408
400.361683,172,655.129022
405.759367,198,655.468603
389.722396,157,655.72523
342.689038,134,657.828492
390.157524,172,658.107053
423.845488,173,658.392326
217.328938,93,660.037178
392.278989,164,660.281129
417.408053,188,660.618295
408.612393,150,660.876462
436.557401,181,662.872375
411.889618,173,663.179806
409.974694,168,665.042455
360.311952,168,665.34476
423.820386,189,665.62418
442.572639,191,667.972437
439.325211,215,668.337853
422.10585,176,668.658867
413.65677,157,671.021464
378.112939,177,671.302659
396.762736,186,671.641784
406.029673,166,673.445362
348.866344,138,673.69691
345.483262,143,673.957816
350.378126,147,675.790611
403.588029,164,676.080316
560.576617,296,676.664574
461.779703,195,678.531857
403.858971,173,678.830538
360.739544,138,679.078023
441.570758,202,681.644962
309.431401,121,681.818608
399.813872,178,682.155008
352.674444,137,684.505232
383.246418,158,684.755825
471.34204,198,685.054632
356.179797,143,686.705765
382.781212,148,686.949244
364.311855,144,687.210441
426.37166,163,688.822247
368.750753,153,689.052722
397.627711,156,689.288711
414.212321,169,689.613752
267.810095,117,691.510632
328.317776,147,691.761764
283.563009,118,691.967217
370.733201,144,692.19741
281.88894,114,694.071408
447.944468,190,694.38376
455.046116,203,694.716865
359.075199,141,696.888529
447.777024,207,697.258524
322.376947,139,697.547504
321.347128,137,699.606562
412.764139,165,699.913132
368.105136,143,700.23653
449.358653,172,702.502867
395.811557,169,702.837819
384.406389,152,703.104094
368.47991,148,705.292751
499.180734,250,705.693281
499.870031,189,705.980194
488.303552,222,707.816638
423.598629,160,708.0592
262.649519,102,708.209137
431.994706,156,710.270713
405.052148,156,710.525862
338.662693,129,710.726243
459.61411,171,712.367781
486.00772,181,712.643872
323.742117,133,712.847467
479.839313,197,714.552172
389.298266,136,714.757229
383.443187,157,714.996957
405.07769,163,715.247781
441.922792,167,717.414743
432.686722,167,717.661053
331.072815,134,717.869028
424.135703,161,720.514047
433.520527,205,720.808043
381.586069,165,721.057667
336.865462,136,722.762186
452.577323,187,723.022583
465.319584,186,723.279301
414.541974,179,725.143798
378.671551,153,725.373595
359.701473,138,725.604059
360.618631,139,727.300578
440.464899,183,727.591363
394.260753,150,727.817039
474.590455,201,729.652511
323.51302,126,729.851494
461.170398,196,730.152054
434.301737,168,731.918578
441.141411,177,732.183898
386.647546,181,732.449221
409.699366,162,734.266254
426.886554,165,734.520096
410.742342,154,734.766893
398.965833,152,734.993454
366.823554,147,736.750221
394.418934,165,737.009925
411.547306,190,737.360354
311.243821,123,739.647444
415.972018,163,739.948689
412.11267,158,740.159972
450.292883,182,742.25143
405.146863,156,742.474018
378.473957,159,742.714874
435.733498,194,744.6581
511.567089,222,745.027153
437.06119,185,745.318169
329.237824,142,747.339471
437.844099,174,747.59403
416.768859,146,747.812888
401.225453,158,750.373421
384.203708,146,750.599472
414.930027,172,750.857644
253.757821,116,752.853669
432.80963,159,753.08244
457.52996,193,753.362532
364.664732,146,755.219331
467.417228,183,755.484106
364.3551,158,755.716902
498.438216,200,757.504676
374.515923,140,757.713729
375.529736,168,757.961807
362.19892,162,758.205894
401.093286,151,759.776009
394.206126,165,760.016667
259.480041,111,760.182654
290.652272,116,761.947065
448.270537,183,762.293921
501.868755,215,762.640244
414.187429,155,764.465423
467.522268,191,764.775168
448.964067,187,765.089818
311.931508,117,767.073164
378.554139,152,767.305624
417.278586,160,767.570855
431.740358,154,769.644456
344.08478,132,769.930135
387.401167,153,770.209493
436.376514,162,770.602592
413.497127,165,772.921255
500.083471,219,773.358865
422.737554,164,773.691708
547.91771,217,775.631022
401.696866,148,775.929392
470.926427,188,777.908411
384.952831,144,778.227028
400.296714,151,778.520984
405.204282,176,778.873738
393.08938,137,781.392496
524.046779,231,781.742549
289.014211,121,782.003299
543.782164,250,784.087868
277.513889,115,784.307657
336.72605,123,784.508318
414.904471,169,786.675343
450.695079,181,787.0001
426.609346,163,787.294673
496.654751,211,789.551181
474.282458,192,789.848038
377.474158,174,790.125085
412.344278,152,791.746186
409.34056,158,792.000091
376.5605,143,792.284792
415.125303,151,793.915759
302.80955,121,794.1869
406.303953,150,794.481509
449.940611,187,796.324818
361.931434,133,796.614783
432.622379,157,796.944916
388.086995,150,797.244893
335.964031,122,799.157818
459.893139,202,799.620409
394.751312,150,799.937939
458.187893,169,801.562362
513.541047,202,801.895416
178.891077,81,802.033479
192.707279,87,802.186109
350.166075,123,803.975553
297.024414,114,804.163829
485.308706,191,804.457907
348.826824,123,804.68831
435.603854,164,806.315933
406.956693,153,806.585869
496.218221,214,808.55636
494.129005,179,808.902635
381.366008,150,809.138282
438.952571,156,809.418904
450.264651,182,811.178428
435.920198,168,811.451119
524.537377,217,814.142886
374.437649,157,814.39114
523.821592,207,814.746515
446.78095,171,816.411615
371.416859,172,816.696934
448.615745,179,816.957749
462.124935,172,818.521714
466.979908,173,818.855639
410.193597,185,819.153834
431.206232,159,820.888762
475.805371,192,821.229429
428.894749,157,821.449749
476.981939,193,822.999409
499.068763,193,823.307494
484.687745,194,823.6285
396.714325,153,825.423964
368.472993,146,825.637921
456.457513,163,825.891685
467.148822,172,827.543781
436.37568,174,827.825636
344.356374,139,828.039524
294.164294,116,829.749068
526.489258,217,830.067459
354.402229,120,830.237752
158.913655,77,830.353049
369.568637,163,831.999011
421.170505,161,832.23737
424.854543,165,832.487927
289.364125,113,834.022563
452.656988,162,834.267434
472.305431,178,834.524871
540.954607,221,836.248745
390.431989,136,836.466955
261.91563,112,836.648938
414.49587,150,836.881641
335.820476,121,838.695067
395.738496,149,838.910463
287.920779,113,839.077816
448.541916,172,840.022787
460.926784,183,842.032972
443.339769,164,842.317902
503.697165,202,844.47939
431.447879,159,844.754364
503.494935,196,845.081267
410.096609,157,847.63517
504.103677,191,847.977109
518.834864,231,848.400317
544.547474,219,850.466109
471.533292,183,850.775798
513.994254,199,852.528171
504.535418,214,852.860739
489.334055,197,853.124475
434.418576,177,854.801677
437.330512,157,855.021373
251.934559,101,855.175364
366.063386,136,855.381288
491.862164,178,856.995468
405.004265,138,857.248303
442.335681,157,857.477528
526.746477,228,859.538739
465.852533,170,859.771842
422.119745,156,860.002852
487.771434,177,861.694345
369.857867,131,861.899332
466.312492,186,862.174299
421.167895,148,863.966644
541.512404,216,864.278133
425.032455,148,864.485244
440.715595,163,866.328676
502.296264,199,866.631504
516.444472,201,868.63329
571.318021,256,869.060901
410.520035,145,869.297999
455.243032,161,871.211588
447.258047,166,871.485266
104.22498,219,871.818242
485.594844,171,873.760933
532.515349,204,874.065551
387.343854,143,874.280429
505.112269,194,876.16048
448.727257,171,876.440681
481.93468,182,876.743221
458.692385,169,878.689077
439.736801,175,878.952176
572.639341,236,881.433441
413.963677,149,881.652489
468.095396,164,881.893747
474.176137,171,883.697456
507.742176,173,883.950086
515.899711,194,884.239131
442.358079,165,886.148126
418.815165,168,886.384248
406.890356,146,886.587544
459.737575,193,888.654666
482.961511,189,888.934723
515.929939,194,889.222908
501.870373,195,891.471761
406.906326,151,891.699301
449.574876,169,891.948513
449.741084,160,894.277578
496.524905,188,894.580268
507.784542,209,894.923838
419.329499,145,896.876377
473.884808,174,897.132595
466.331907,167,897.38668
476.526325,171,899.009809
438.535041,157,899.239534
485.421407,182,899.515647
469.991111,166,901.198485
472.373985,174,901.496321
489.655897,178,901.781866
506.201754,196,903.545368
510.819395,184,903.814588
328.969191,127,904.043764
526.594221,210,905.823743
462.102908,162,906.063604
509.325215,189,906.36233
423.291758,176,908.136577
408.700153,143,908.374107
463.245636,161,908.687691
515.273736,185,910.483634
445.617297,167,910.765184
510.069866,186,911.085068
463.055599,158,913.165366
425.589149,151,913.394349
565.633047,215,913.731906
439.290021,170,915.560522
542.687471,199,915.868071
351.668285,131,916.067061
488.829813,180,917.708035
485.890085,175,917.948683
469.366669,183,918.214871
467.464922,168,920.013088
510.179679,200,920.302126
370.250791,131,920.467299
460.747406,162,922.061758
464.752878,172,922.335593
510.553168,189,922.64085
326.969071,133,924.210875
426.270262,157,924.456147
190.175736,84,924.585819
465.457965,165,926.472202
346.602064,141,926.711366
491.127209,174,926.984834
450.685404,151,927.265716
463.033604,172,929.043259
495.613128,172,929.291856
403.648032,137,929.490285
487.183268,174,931.238759
260.542577,109,931.408268
418.166111,155,931.640032
512.628668,202,933.473711
239.443697,100,933.63571
431.64843,144,933.865442
491.161394,178,934.185825
491.565203,184,936.159389
499.008822,173,936.413117
528.836605,188,938.02532
331.66941,131,938.240422
382.712342,135,938.443136
412.039623,147,938.665546
452.537247,166,940.217017
457.635049,162,940.454791
432.14955,148,940.685511
483.762443,168,942.298536
430.831114,147,942.532913
314.460734,126,942.741323
423.755965,141,942.966599
511.479955,194,945.167332
477.718705,180,945.436337
429.520991,159,945.695716
482.361005,170,947.353158
457.653613,166,947.595686
485.563976,177,947.859109
461.84884,163,949.402869
469.710987,162,949.653342
543.882319,219,951.38204
502.637441,182,951.649077
511.910462,189,951.903768
407.526943,150,953.315657
423.2615,154,953.522973
485.843253,171,953.780514
524.620014,187,955.322773
507.441638,208,955.63794
569.33021,195,956.663773
551.041785,197,958.572797
529.659146,190,958.888763
436.718545,181,959.190956
351.591555,149,961.091729
481.734366,177,961.399505
442.712602,149,961.624312
466.34957,164,963.508072
441.844839,188,963.810293
496.390067,162,964.077804
451.230565,150,966.062428
523.90377,214,966.399038
478.887301,173,966.674316
474.360909,180,968.800834
453.242588,155,969.040761
443.755638,157,969.295964
510.485912,193,971.314636
543.248098,197,971.628408
470.058297,156,971.882288
473.645345,158,973.58062
450.951525,157,973.81236
464.353015,172,974.069094
529.22832,205,975.915693
449.94471,158,976.170447
536.639619,197,976.486431
531.630315,198,978.672114
560.872193,220,979.276637
568.233414,220,981.429091
526.573348,198,981.773468
514.943182,189,982.039943
521.296709,178,983.766213
494.139228,176,984.00638
500.085352,177,985.874015
515.011456,178,986.132824
496.053077,172,986.375759
360.616279,137,986.569524
495.980204,177,988.703692
132.829059,245,989.092365
553.792365,203,991.315424
478.94062,162,991.623404
465.222061,158,991.883196
519.251229,183,994.108397
543.297518,189,994.411724
474.384595,164,994.653561
459.248108,161,996.711684
402.886575,151,996.935246
567.956102,220,997.28332
476.399743,174,999.322772
526.883066,195,999.653736
470.126993,164,999.969163
516.625681,178,1002.179003
674.019042,305,1002.655025
505.270529,172,1004.380296
520.703056,189,1004.665967
586.9372,235,1006.745543
318.576294,132,1006.96587
454.735268,156,1007.227868
539.276706,201,1009.315666
506.973867,182,1009.630587
386.586912,134,1009.854983
558.186822,207,1012.513022
501.908187,176,1012.823817
481.970425,166,1013.142981
447.483575,157,1015.06163
477.306913,171,1015.331454
501.463427,181,1015.7193
502.282144,173,1017.492073
522.138196,183,1017.789634
483.537324,171,1018.065434
503.577876,171,1019.826113
442.491436,154,1020.064534
407.757738,147,1020.29591
514.419068,193,1022.369178
500.738256,175,1022.694904
454.627654,160,1023.019514
493.999945,175,1025.118487
495.46058,175,1025.416564
479.448184,176,1025.695301
516.524987,179,1027.635039
373.894282,137,1027.8295
357.129908,166,1028.11886
486.331865,171,1028.385656
457.102762,156,1030.388162
533.677391,191,1030.714914
559.596538,208,1032.841386
546.733015,207,1033.186647
497.854671,174,1033.469346
589.397433,221,1035.429037
238.443116,101,1035.57376
435.221,145,1035.811712
482.37498,161,1037.439969
476.807408,170,1037.708373
368.866375,136,1037.930332
359.315808,125,1038.16495
433.100199,147,1040.331331
502.332626,176,1040.599114
623.851109,266,1042.511035
520.713961,189,1042.819243
470.665011,164,1043.578752
536.079458,174,1045.241972
496.208271,180,1045.495355
518.995338,186,1045.756346
525.134855,192,1047.553793
376.535399,141,1047.77023
472.972375,164,1048.024349
458.888723,165,1049.756242
566.72501,207,1050.09915
524.612403,181,1050.344318
392.076858,131,1051.835099
540.738657,184,1052.101187
514.116898,171,1052.351077
523.277229,173,1054.136261
440.066412,148,1054.372308
485.810359,173,1054.638345
657.858915,273,1056.727244
557.115705,201,1057.092518
509.433815,176,1057.403427
537.725551,186,1059.494715
472.956896,169,1059.756553
469.167028,158,1061.72268
541.437591,186,1062.020278
613.161824,237,1062.394661
513.042559,186,1064.274427
577.288129,208,1064.598272
521.498158,177,1064.863483
506.47859,171,1066.774636
444.84124,161,1067.033564
427.81034,150,1067.305198
554.096585,190,1069.134995
502.090945,174,1069.39985
477.802407,164,1069.635122
564.351298,189,1071.496849
469.269385,163,1071.744285
434.153842,154,1071.977463
509.763538,175,1073.836341
530.82678,190,1074.137981
561.239615,202,1076.569451
534.293576,179,1076.835909
566.014736,193,1077.124999
502.72619,167,1078.944422
436.330764,151,1079.179823
611.404955,244,1080.277552
511.389661,186,1082.158165
531.591562,201,1082.427928
609.220247,257,1084.155695
481.4435,164,1084.371024
480.203317,169,1084.595533
502.431925,171,1086.184402
502.487762,185,1086.462122
481.870632,159,1086.698322
549.904617,187,1088.463556
213.768725,94,1088.604202
550.254952,187,1088.877577
499.765138,204,1090.74081
465.437901,163,1091.002137
498.279249,167,1091.273914
475.804867,182,1093.436399
564.366379,200,1093.744325
519.44579,178,1094.006118
584.396271,226,1095.910726
615.916035,232,1096.280891
512.219898,177,1098.067932
485.818141,166,1098.349629
112.204208,64,1098.544708
626.806594,261,1099.399776
528.218248,200,1101.1734
622.609154,221,1101.490123
488.36466,166,1103.321357
459.447799,158,1103.567315
526.999603,189,1103.82767
491.431607,164,1105.516579
483.129068,171,1105.761077
572.207541,201,1106.047898
471.919656,168,1107.950132
482.38979,162,1108.212153
491.707631,179,1108.507619
525.675143,191,1110.822006
505.89765,173,1111.090392
493.044542,177,1111.373235
502.91596,177,1113.148527
497.181303,171,1113.402256
465.105295,161,1113.64391
502.516622,183,1115.302779
486.484674,165,1115.535895
550.515677,191,1115.795443
529.159695,182,1117.331664
547.806607,191,1117.591838
500.408463,175,1119.202367
442.972174,175,1119.45988
460.06761,154,1119.687933
497.314427,173,1121.361898
486.649807,167,1121.609299
551.964964,190,1121.891846
495.495412,187,1123.815877
522.249923,187,1124.122728
565.69823,191,1124.43742
517.454675,177,1126.525776
543.397795,191,1126.83083
214.647489,95,1126.982119
490.133568,168,1128.918472
448.203347,151,1129.180904
529.11751,184,1129.505127
461.560665,159,1131.640403
518.295785,178,1132.019713
522.888595,186,1132.410957
467.212611,169,1134.707449
602.381041,231,1135.08928
500.326062,169,1135.392974
573.997601,189,1137.733029
430.332909,152,1137.994123
521.106903,173,1138.313758
449.012893,155,1140.305436
443.640041,159,1140.617038
523.610986,183,1140.985847
515.765093,180,1143.312504
144.718029,72,1143.413596
479.864613,163,1143.690822
521.661008,171,1143.965575
449.992426,156,1146.253788
537.150734,182,1146.575342
580.675206,209,1148.399452
554.660252,213,1148.709134
570.196027,188,1148.984661
540.665099,180,1150.615429
536.757204,175,1150.89645
331.929091,149,1151.146097
560.547155,193,1153.424765
523.777168,184,1153.757585
544.093611,183,1154.070398
583.618834,201,1156.355195
540.103703,193,1156.786851
521.743133,177,1158.922316
589.127584,202,1159.247243
492.023816,172,1159.54942
491.307418,174,1161.09285
502.810877,167,1161.324271
506.274334,197,1161.65661
480.391742,178,1163.348631
570.64834,198,1163.670943
565.184429,189,1164.085358
432.995803,146,1165.771105
498.061481,172,1166.055735
568.318655,193,1166.391922
506.448841,186,1168.445656
511.10013,166,1168.830523
614.382586,222,1170.881479
564.808889,206,1171.228017
490.992457,166,1171.606795
555.739841,197,1173.471014
543.905493,189,1173.868344
508.354849,174,1174.797709
520.7011,177,1176.61886
461.702864,167,1176.936981
542.798931,202,1177.382506
555.22497,198,1179.380453
510.428554,169,1179.740055
574.165165,216,1181.514463
579.637289,218,1181.920457
522.580908,183,1182.241816
109.618429,63,1182.35517
544.036507,194,1184.149766
552.085704,184,1184.438128
535.806679,189,1186.079588
401.531291,146,1186.301631
470.555274,168,1186.549481
526.649786,183,1188.185032
551.826376,188,1188.521076
449.886354,163,1188.801472
565.435827,200,1190.65613
566.66519,199,1190.964893
558.091876,196,1191.270776
578.653606,208,1192.971875
571.12494,202,1193.278405
560.894065,210,1195.073495
501.891652,172,1195.365042
547.431461,188,1195.655927
472.12009,160,1197.677927
525.901411,180,1197.966209
561.614151,190,1198.283167
597.674865,227,1200.421178
637.010641,242,1201.609219
526.63649,186,1203.612311
492.68308,165,1203.860259
575.412227,192,1204.141208
555.167006,184,1205.951268
532.619095,187,1206.245889
517.129713,171,1206.518022
548.580376,194,1208.672004
509.866034,173,1208.934244
525.161096,183,1209.207928
538.364753,199,1210.868366
584.224051,222,1211.191792
502.911319,172,1212.859439
489.094688,165,1213.122673
560.649278,201,1213.463418
530.590024,179,1215.017841
572.532756,201,1215.29148
521.130309,179,1215.556702
552.821836,191,1217.237349
565.775417,194,1217.522747
674.286705,275,1219.638667
413.44062,167,1219.977143
535.724711,193,1220.315242
574.418139,202,1222.345062
538.699511,183,1222.617674
542.891074,178,1222.909605
530.620639,184,1224.752865
586.961302,214,1225.079989
564.737887,192,1226.79558
545.428968,184,1227.059516
558.163605,185,1227.349649
544.22212,189,1229.056695
569.158818,197,1229.352682
541.464618,187,1229.649602
522.008877,179,1231.919083
573.182094,190,1232.211774
492.602802,170,1234.283754
465.855488,161,1234.531504
523.965817,180,1234.809204
496.628118,169,1236.863752
555.207424,194,1237.158257
446.379209,156,1237.40132
528.30971,186,1240.136705
610.425258,217,1240.469725
570.585781,211,1240.842298
100.653858,59,1242.790145
484.902707,163,1243.069675
569.174849,207,1243.387137
575.486201,190,1245.112664
529.373336,175,1245.372678
567.806151,192,1245.6591
543.944725,194,1247.310842
559.017724,178,1247.556358
524.914232,179,1247.807208
577.655559,209,1249.354389
462.281256,160,1249.584768
552.331467,195,1251.209585
550.161773,196,1251.494202
533.720255,187,1251.800027
549.687801,193,1253.500609
550.415779,192,1253.805102
583.336276,198,1254.174624
547.924826,180,1256.019676
557.730237,187,1256.323429
544.359056,185,1256.608025
601.419651,220,1258.43451
534.656464,198,1258.746621
533.954376,186,1260.433472
497.721632,168,1260.705047
567.774067,189,1260.984665
475.976123,160,1262.63797
523.706567,189,1262.943212
626.024236,206,1263.280655
491.022766,167,1265.068444
537.977105,183,1265.355608
476.557767,156,1265.58377
516.870434,172,1267.208002
578.475486,197,1267.509077
548.642282,200,1269.240599
670.335653,216,1269.58099
500.332619,173,1269.862312
553.916643,213,1271.886269
560.056532,193,1272.738978
501.74984,169,1273.01505
571.439662,196,1274.752513
519.850958,172,1275.030629
471.332324,159,1275.279087
611.364115,211,1277.152671
491.890793,165,1277.428165
575.460552,191,1279.207098
545.246434,183,1279.458679
567.386093,189,1279.74329
568.867146,208,1281.769565
459.2341,154,1281.999222
529.03574,188,1282.249018
596.31563,197,1283.863832
520.131152,176,1284.104116
563.59489,190,1284.381032
497.247313,168,1286.040962
576.036048,192,1286.318274
519.616528,178,1288.152011
555.38815,185,1288.449388
510.771821,173,1288.74609
564.646492,182,1290.583383
560.447463,195,1290.87766
569.345054,184,1291.154494
580.965422,217,1293.429887
473.005099,168,1293.679891
540.17659,187,1293.982403
509.307117,169,1295.988925
536.515463,174,1296.262381
537.57482,182,1296.568697
505.645287,168,1298.604324
610.256095,209,1298.920452
560.943443,192,1300.910014
584.174303,209,1301.230811
502.75372,170,1301.489701
622.316399,212,1303.704009
535.2337,185,1304.014122
598.825273,201,1304.338104
556.60489,207,1306.931195
567.14668,191,1307.254441
490.749908,164,1309.224526
614.702192,214,1309.571939
558.360512,186,1309.884149
527.736282,189,1312.040448
565.003173,184,1312.321674
537.78956,182,1312.615767
566.89485,187,1314.126196
561.60143,190,1314.398627
550.375973,193,1315.950706
623.006771,199,1316.25035
585.199488,195,1316.550146
541.171357,179,1318.997846
518.175587,170,1319.25704
501.49657,170,1319.5326
568.285505,186,1321.335234
553.946132,188,1321.637058
735.799758,247,1323.425013
665.689187,227,1323.786794
550.503965,185,1324.059766
582.857164,194,1325.718035
575.724574,209,1326.036738
666.140133,250,1327.821239
607.196294,201,1328.164997
539.730461,184,1328.507773
530.276352,172,1330.282483
561.956491,192,1330.591084
508.427193,175,1330.865015
571.04745,199,1332.593348
585.053623,204,1332.926904
411.576998,149,1333.154302
699.926684,253,1335.006058
580.958568,209,1335.348052
116.641301,64,1337.016062
617.991017,253,1337.437391
530.096671,178,1338.253865
485.927375,178,1340.357832
623.807357,220,1340.689548
611.154565,223,1342.431104
657.865354,223,1342.751477
605.751056,202,1343.067374
643.664482,231,1344.875837
553.130088,194,1345.171239
629.137959,219,1346.927458
530.456766,187,1347.21842
581.745823,187,1347.532788
591.885589,235,1349.338672
374.167114,165,1349.620157
634.360585,215,1351.490736
654.343619,216,1351.849961
665.554287,216,1352.225634
541.288988,205,1354.188053
700.788649,231,1354.640475
643.342343,226,1356.443421
421.605823,167,1356.691792
715.045877,234,1358.356352
687.153495,251,1358.73927
669.729754,227,1359.071
515.181987,180,1360.657249
521.514105,178,1360.930513
712.776491,239,1362.675918
488.43873,167,1362.931629
575.401878,198,1363.242394
808.386132,253,1364.985732
614.189829,215,1365.325668
413.76922,154,1367.2509
322.55932,158,1367.500259
750.9686,244,1367.887423
883.685507,270,1369.965064
751.781555,232,1370.334116
638.534233,205,1372.368971
771.439808,233,1372.784254
607.883821,234,1374.926483
603.652549,220,1375.358633
611.237633,208,1375.788668
440.06153,156,1377.604013
755.498252,252,1378.035784
873.486096,297,1379.977354
622.095164,207,1380.29022
563.328888,192,1382.13237
580.331959,217,1382.459395
566.170215,192,1382.783514
473.079427,164,1384.668478
705.006033,229,1385.070406
651.345175,205,1387.189818
588.291677,200,1387.548195
570.492923,186,1387.889927
753.69559,229,1390.130336
690.185628,249,1390.547338
676.723327,241,1392.736402
715.047033,237,1393.167299
664.895215,225,1395.582197
483.906303,225,1396.001038
543.484339,190,1396.317079
556.772705,201,1398.523677
725.584648,235,1398.983813
704.207869,228,1400.999948
750.089468,239,1401.448638
627.508995,207,1403.938437
716.376271,224,1404.35545
539.494878,172,1404.604629
586.752488,206,1406.630208
707.819018,256,1407.010667
498.754913,170,1408.974124
616.936341,195,1409.313141
555.467821,195,1409.619923
602.333699,203,1411.760143
909.00622,266,1412.168602
797.50824,249,1414.457308
586.525861,195,1414.832199
612.795656,215,1416.776646
714.367908,230,1417.171669
708.74248,220,1417.53923
660.378181,215,1419.665465
97.718252,208,1420.025384
573.895962,194,1422.032447
111.234196,62,1422.121929
411.874341,184,1422.391344
494.969632,171,1422.666919
857.84356,284,1424.852228
501.979688,174,1425.16374
550.960996,185,1427.101212
1086.74503,313,1427.58183
612.851965,195,1429.424372
625.220667,194,1429.720833
757.148972,247,1431.697919
620.637489,210,1432.022143
440.089642,159,1432.255041
796.20636,263,1434.176291
662.525261,242,1434.550197
758.773918,249,1436.583207
708.323575,235,1436.945819
755.821618,241,1440.247599
623.857826,218,1440.597205
573.333397,215,1442.745181
679.190142,221,1443.097463
506.802111,199,1443.433934
508.765397,182,1445.491767
447.557685,161,1445.736004
682.272532,225,1446.095524
526.675466,176,1448.126402
593.950954,204,1448.455073
729.685532,251,1450.507575
443.257839,188,1450.770809
526.567207,174,1451.016415
679.292799,211,1453.025571
749.11667,263,1453.45856
681.562416,210,1455.413077
906.637752,288,1455.854239
507.354502,169,1457.796939
796.364806,246,1458.19718
740.309784,238,1460.574544
631.742279,202,1460.878428
584.413831,190,1461.138752
679.112161,214,1463.082986
828.929369,252,1463.439911
697.494411,220,1465.347527
690.06022,236,1465.707141
817.059739,262,1467.610193
742.925683,236,1468.4384
828.201188,246,1470.529719
397.282714,167,1470.804667
675.242631,223,1471.154586
654.650333,201,1472.980262
677.08356,233,1473.333563
521.37064,184,1475.12051
609.733554,206,1475.432609
532.471967,179,1475.70332
518.694709,170,1477.468939
704.169349,221,1477.800837
524.551187,183,1478.091435
761.382271,250,1480.264866
497.09774,171,1480.523633
591.936289,235,1482.456347
297.191717,121,1482.632343
698.616545,224,1482.973282
703.069811,231,1484.912777
575.690671,195,1485.266996
508.698626,182,1487.252714
726.948642,255,1487.643205
656.830174,210,1489.619872
1047.565351,346,1490.374104
628.058797,197,1492.561014
766.899925,256,1492.99722
609.919309,204,1493.375201
460.314674,155,1495.415612
610.224277,218,1495.840621
635.370504,203,1497.655434
682.618864,224,1498.028847
724.45279,235,1499.993281
107.92356,63,1500.089297
537.596718,177,1501.161829
581.582162,184,1501.477652
619.731765,254,1503.595065
817.534952,237,1504.041074
607.986226,197,1506.201529
144.506384,72,1506.349878
779.340925,237,1506.775454
226.66781,91,1506.907017
644.527193,225,1509.167777
402.222981,152,1509.387409
766.971325,243,1511.344577
776.913461,249,1511.764767
572.196489,180,1513.668785
642.601793,201,1514.029294
753.422398,236,1514.400565
578.446953,191,1516.236284
660.043444,254,1516.708495
720.08313,237,1518.709689
666.44372,201,1519.027959
600.303444,196,1519.797766
876.989346,295,1522.040874
513.511379,181,1522.426744
627.279993,203,1524.343545
630.662856,216,1524.681513
113.950894,65,1524.797206
587.381715,210,1526.657791
609.418606,236,1527.067159
557.003302,204,1528.998747
582.964197,182,1529.2748
766.508658,254,1529.703846
672.260574,234,1531.865224
779.432134,274,1532.317306
375.266133,166,1534.622831
711.632999,217,1534.974383
853.41421,260,1537.131388
110.83178,67,1537.24165
585.749482,198,1537.591392
582.566096,217,1539.332183
434.387104,142,1539.584223
566.79041,188,1539.877827
561.925333,194,1541.498788
405.821361,142,1541.744632
705.697076,233,1542.166717
624.443926,216,1543.764213
440.666055,149,1544.068679
707.968344,225,1545.849363
838.825236,272,1546.280352
665.49399,215,1548.195288
644.503747,217,1548.563645
734.197022,241,1548.975232
737.457872,222,1551.227008
724.772072,260,1551.687885
757.772883,238,1553.637734
217.677682,92,1553.786713
888.448923,259,1554.220347
878.043195,256,1556.194675
756.171688,297,1558.240689
806.991558,255,1558.672087
828.491071,271,1560.55058
716.40326,229,1560.890256
476.947383,166,1562.181472
697.843386,238,1564.016423
682.259106,207,1564.341262
841.207643,282,1566.909204
477.415096,221,1567.243767
635.683158,224,1569.218137
827.137492,242,1569.605045
777.808429,237,1571.619286
690.82477,220,1571.975659
736.675504,238,1572.360572
707.675402,230,1574.238374
672.806882,206,1574.5417
781.595398,243,1576.399948
651.732848,221,1576.726959
807.73526,259,1578.997317
427.463782,196,1579.396397
771.563773,248,1581.232106
493.065016,163,1581.461898
758.81321,229,1581.811987
613.812011,203,1583.526635
110.981711,65,1583.616553
106.856965,67,1583.709252
609.349695,197,1584.001426
679.525499,225,1586.076821
584.177926,188,1586.371195
795.476059,247,1588.587684
797.396203,243,1589.009027
560.581799,217,1591.110347
485.789418,162,1591.35645
611.6745,207,1591.69276
657.613064,199,1593.748081
743.875851,227,1594.144306
659.748137,222,1596.338123
772.750558,234,1596.71724
606.49554,229,1599.850824
611.986799,238,1600.261979
641.529508,199,1600.646151
837.411355,262,1603.058051
570.574319,196,1603.362827
706.236501,241,1605.621883
715.893839,231,1606.007258
948.146791,275,1608.313296
571.16995,189,1608.623144
841.141154,252,1610.681417
706.527425,220,1611.074215
755.084881,234,1611.441797
657.0998,216,1613.3244
821.929231,274,1613.746593
835.716291,249,1615.51686
728.434677,229,1615.953875
435.884815,147,1617.813204
457.084842,202,1618.118822
871.682109,263,1620.021206
591.334464,212,1620.386521
683.829721,268,1620.814675
784.860235,240,1622.857886
561.740487,184,1623.147597
638.045125,196,1625.066598
690.048311,239,1625.46155
360.386062,130,1625.72949
526.216807,173,1627.512918
620.690612,216,1627.872019
235.95863,98,1628.050223
462.359144,153,1629.839889
855.71653,248,1630.275682
929.896526,275,1633.196905
732.819113,231,1633.624658
114.310395,66,1633.74613
851.544733,259,1635.934728
591.515448,202,1636.298856
769.287968,238,1638.410129
600.747015,197,1639.062791
752.473498,250,1641.272346
685.307805,227,1641.616132
760.716902,267,1642.055185
673.611787,217,1643.682211
743.612933,220,1643.995838
818.018934,250,1646.011296
801.635792,270,1646.409577
714.235667,229,1648.118299
783.07445,233,1648.457868
121.017908,66,1648.551522
763.776344,245,1650.492467
738.161853,262,1650.892487
688.7064,246,1652.953138
959.524199,288,1653.478062
797.931433,261,1655.826402
840.811072,296,1656.305215
720.687059,226,1658.267742
403.195058,140,1658.508035
727.177288,253,1660.560045
759.570671,234,1660.951343
570.364729,209,1663.1186
631.641493,209,1663.468282
398.206504,136,1663.684368
903.419349,274,1666.688088
752.602277,244,1667.104388
823.433179,254,1669.251879
903.633094,260,1669.721294
704.394247,253,1671.991244
758.447147,259,1672.397846
682.631721,231,1674.505973
690.774914,238,1674.881311
782.803874,246,1677.160169
568.081766,201,1677.491426
899.235391,287,1679.911767
781.148034,273,1680.352707
756.692497,247,1682.620213
548.753427,181,1682.897489
812.088394,253,1683.305619
735.239118,223,1685.542131
907.026057,270,1686.045774
685.938518,217,1688.270341
816.457653,257,1689.771748
692.921592,230,1691.628994
691.49608,231,1692.005307
785.801206,235,1694.038054
668.770937,203,1694.392736
766.675719,233,1696.659168
627.28847,230,1697.023216
851.270387,251,1700.077284
704.309751,212,1700.440652
693.55844,212,1700.734895
727.990886,236,1702.49788
528.645485,186,1702.773514
632.248057,205,1704.564224
832.292291,307,1705.112465
484.919971,157,1705.384926
781.701998,251,1707.593981
749.811091,229,1707.932334
558.883258,183,1710.179726
650.652393,215,1710.55303
819.560064,244,1712.720232
133.993288,246,1713.188801
524.463491,168,1713.442972
707.92716,230,1715.60539
698.645243,228,1716.015438
793.100045,245,1718.271747
875.647311,255,1718.679438
762.100251,228,1720.428612
800.51233,240,1720.800839
733.637336,251,1722.808367
729.27311,219,1723.171617
730.108647,265,1725.233352
454.497058,152,1725.487713
653.115439,223,1725.857724
832.660918,247,1728.018029
971.571178,281,1728.476274
772.919962,248,1730.583972
866.607308,256,1731.826669
635.365614,227,1733.977809
745.244754,234,1734.380968
888.98643,275,1736.49825
755.672831,219,1736.87952
798.946302,239,1738.993823
718.379163,220,1739.38418
501.461493,171,1741.351664
749.181911,229,1741.780727
784.158818,253,1742.172761
800.08033,243,1744.452878
736.897658,223,1744.810419
711.975171,222,1746.963596
761.928043,253,1747.408405
537.585407,186,1749.382767
693.167669,243,1749.75868
663.056378,235,1751.915245
431.346813,145,1752.18003
798.239782,248,1752.66849
566.061575,197,1754.928621
619.56463,197,1755.263146
1051.510937,311,1757.267349
918.768016,290,1757.734399
823.583344,257,1760.077205
895.140382,262,1760.527982
822.596793,243,1762.544524
815.894096,233,1762.962001
826.014857,267,1765.54162
850.51679,258,1766.032984
633.370815,209,1768.032289
604.881562,199,1768.350886
796.891321,234,1770.473861
849.280071,279,1770.966326
815.000341,265,1772.808656
792.407294,256,1773.320851
658.44392,207,1775.144934
797.516652,266,1775.597982
487.320291,159,1775.858575
657.639647,230,1777.942981
757.744971,235,1778.353325
834.431517,282,1780.551494
909.780356,278,1781.073472
677.093547,229,1783.135955
886.706218,267,1783.602407
723.246138,242,1785.568249
680.863949,210,1785.91036
901.534641,267,1787.745087
583.599121,193,1788.032756
730.900162,217,1789.746098
752.075101,230,1790.087888
834.187567,242,1790.458316
812.634696,246,1792.567486
782.054851,241,1792.932018
524.361152,180,1794.696025
818.229771,237,1795.055008
868.481309,269,1796.994006
607.06914,229,1798.03814
620.959993,215,1799.743548
504.407088,162,1799.982481
455.820087,154,1800.212026
749.325047,244,1801.932493
713.915056,235,1802.271217
786.344842,241,1804.08165
880.574281,289,1804.514174
768.484109,229,1806.2534
834.494363,263,1806.639913
603.033812,203,1808.365016
788.048331,236,1808.730775
1288.539863,363,1810.776613
828.473851,268,1811.180427
545.504983,180,1812.89942
638.827103,206,1814.300356
682.651144,216,1814.610842
786.855098,226,1816.356617
513.995805,168,1816.611132
727.424989,238,1818.582654
749.076534,260,1818.977354
1233.750123,332,1820.980755
830.871097,246,1821.318782
112.917416,64,1821.407809
822.826901,258,1823.334381
757.834036,221,1823.639755
694.759105,232,1825.473584
857.730276,256,1825.861121
876.962529,261,1827.793236
619.365865,226,1828.157166
108.001891,61,1828.246048
889.70088,269,1830.971708
1164.48795,316,1832.9504
664.50924,207,1833.26554
479.365188,164,1833.505011
792.45362,235,1835.33064
832.432812,260,1835.727021
656.654803,216,1837.406957
763.923963,232,1837.757672
713.199326,238,1839.410873
797.34511,242,1839.770725
796.479755,256,1841.605479
749.763313,231,1841.963784
696.972794,216,1842.283271
661.708909,222,1843.953297
769.953607,240,1844.301723
893.785341,285,1846.515385
749.944093,230,1847.001705
901.954254,294,1849.421926
892.698023,274,1849.917532
1020.543241,311,1852.323367
1211.191875,337,1854.756591
731.713038,240,1855.131891
924.668813,285,1857.494061
720.929953,230,1857.856869
870.718993,260,1860.164456
1038.192922,392,1860.819704
456.841527,153,1863.738994
723.531232,232,1864.138684
667.907046,217,1866.375767
1018.08306,292,1866.886625
871.096307,327,1869.178958
889.410076,261,1869.647593
774.334049,242,1871.631045
850.968832,257,1872.073594
732.399904,250,1873.970387
747.385895,234,1874.374009
692.678457,227,1876.292388
455.682663,155,1876.525227
736.031681,235,1877.027817
644.610025,209,1879.071411
878.380331,284,1879.552619
954.613164,292,1881.202346
545.625433,194,1881.530878
761.552739,248,1883.42889
821.129727,254,1883.785118
816.286345,253,1885.578895
759.701502,227,1886.059069
698.145626,235,1887.880162
864.771431,276,1888.368655
896.791785,263,1890.24644
1222.21757,339,1890.858546
832.164564,276,1892.804302
967.352741,301,1894.663942
1193.246471,362,1895.404825
843.624218,259,1897.922776
878.074113,265,1898.493826
434.062415,147,1900.310514
691.409539,209,1900.660047
822.851782,245,1901.071905
224.709594,94,1902.772522
993.618493,313,1903.339038
735.920867,232,1905.174478
888.126322,269,1905.582736
1625.949465,453,1907.738185
760.289437,253,1909.579866
723.869886,236,1909.970391
115.629904,65,1910.072946
996.232084,281,1912.041329
847.53426,259,1912.440599
968.667158,316,1914.388541
771.511832,271,1914.78976
938.850239,292,1916.780264
803.927901,250,1917.198429
729.710332,241,1919.031366
804.605342,251,1919.456951
861.42446,265,1921.58092
1306.606365,354,1923.814884
443.413261,150,1924.086731
842.441179,259,1924.506823
1239.069208,357,1926.726241
910.153694,271,1929.576398
733.460233,230,1929.920634
1034.989093,288,1931.94662
722.214896,231,1932.294204
911.901124,314,1934.40814
930.300331,279,1936.385065
946.06864,309,1938.590661
916.918278,282,1939.064105
943.030472,281,1941.003825
1022.828217,307,1943.190485
832.930529,261,1943.599667
895.361103,282,1945.414501
110.626179,64,1945.509334
1068.762879,332,1946.007905
851.23541,269,1948.031733
938.932145,284,1949.848995
745.369986,244,1950.237588
937.827146,282,1952.029304
895.264211,292,1952.462468
709.784062,231,1954.392125
798.199707,266,1954.848153
821.391971,269,1956.616948
110.990484,63,1956.730944
801.590086,283,1957.20493
725.337205,245,1959.059211
817.913034,249,1959.443119
1630.440185,444,1961.707841
689.072178,222,1964.502609
672.64077,216,1964.896797
851.339502,271,1965.380629
823.83592,268,1967.306206
649.090775,218,1967.623194
1696.875643,484,1969.694664
866.824714,259,1971.439097
773.38564,282,1971.851701
1056.870562,317,1973.675956
769.601819,226,1975.376961
1753.221696,477,1976.10803
1037.81951,308,1977.998124
1704.467105,517,1980.163996
868.911458,266,1982.124906
1184.857192,340,1982.64915
982.824016,291,1984.595127
1268.907316,371,1986.69417
129.369334,69,1986.809798
819.313484,243,1987.178527
946.062297,281,1989.360206
940.873848,291,1989.81838
832.831456,285,1991.949357
815.589678,262,1992.355619
1762.929037,494,1994.677191
877.734717,286,1997.410529
1261.373166,382,1999.954954
1292.205337,396,2000.545483
899.415918,275,2002.310344
971.063268,302,2002.765685
952.458033,304,2004.527798
698.047067,217,2006.099628
1249.407874,380,2006.647924
1191.415931,322,2008.505306
794.310609,257,2008.887562
1000.194176,364,2010.764857
1677.631741,458,2012.730794
1333.376127,387,2014.603017
1096.189179,300,2015.056786
807.662702,260,2016.800241
1993.219416,542,2018.921649
1738.256173,449,2021.106127
717.528706,236,2021.496235
858.273712,289,2023.653101
1239.669705,359,2024.236841
1924.170784,566,2028.949816
1369.517217,402,2029.539052
1184.681662,394,2031.547904
872.160297,271,2033.347094
747.307082,245,2033.711695
1400.831087,440,2035.799832
835.679602,295,2037.792424
943.458314,305,2038.308593
880.345681,290,2040.416931
934.92175,295,2040.938814
888.012292,295,2042.856548
932.036626,303,2044.751806
1354.625106,424,2045.401177
848.079089,257,2047.144669
633.3552,204,2047.455202
1066.831587,290,2050.718878
1458.59687,403,2052.651413
962.851491,300,2053.102905
1098.293195,326,2055.180696
1012.241613,302,2055.647534
729.260132,252,2057.5015
1208.636619,330,2059.907648
918.541654,312,2060.357849
1326.328517,388,2062.963277
1197.202918,368,2064.993284
895.057554,299,2065.448617
748.818537,256,2067.349241
1840.951545,590,2069.603772
1639.382842,477,2071.635365
1284.042055,373,2073.934803
915.886944,283,2074.402845
1445.667558,401,2076.958848
1907.329078,525,2079.696452
1731.693445,489,2082.343908
1391.746542,410,2084.931361
913.057942,301,2085.462327
1272.630982,360,2087.703265
1388.290866,403,2090.129832
952.920698,313,2090.63983
1416.31397,388,2093.071045
922.292907,274,2095.967613
1319.761152,386,2096.623503
750.474831,260,2098.920476
1281.478454,374,2101.355204
1902.537058,538,2103.995761
745.226585,241,2104.374683
788.943626,248,2106.410063
868.069755,278,2106.875529
894.942362,292,2108.975816
990.812361,309,2109.465033
1223.449299,388,2111.73872
974.548408,320,2113.90757
739.192511,242,2114.295217
939.332015,309,2116.360969
868.841976,278,2116.771437
1202.181427,354,2119.070317
1182.691819,336,2120.878388
770.861386,250,2121.280876
1012.91814,304,2123.081513
1081.4609,318,2123.613151
875.959446,286,2125.426936
2168.783384,576,2128.347179
1363.640063,413,2130.410103
1141.799227,346,2132.414926
913.331182,272,2132.834552
935.013858,308,2134.723191
1275.213415,352,2135.248947
2023.295978,533,2137.519199
815.228611,254,2139.2746
890.905601,282,2139.678799
1192.226685,335,2141.525325
1245.418731,369,2143.400531
978.354716,313,2143.888905
1611.81167,442,2146.011381
1489.027747,406,2148.117301
991.032477,306,2149.943624
1223.606917,352,2150.475697
1213.497564,358,2152.378531
884.733648,267,2154.209023
846.644811,285,2154.628695
1276.857519,354,2156.658285
961.397877,306,2157.120373
1276.718069,370,2159.292932
735.709035,235,2161.726118
1255.506813,345,2162.255316
901.866185,304,2164.255211
941.393745,309,2166.50162
1483.557083,409,2167.159741
681.491958,230,2170.95096
1226.67915,370,2171.515211
1035.302956,294,2173.488016
1230.877549,371,2175.399929
1230.078136,404,2177.315558
649.592009,252,2177.892051
1412.476755,407,2179.901862
1732.364457,494,2181.851825
1289.174542,384,2183.738544
914.970651,293,2184.158478
1556.29762,410,2186.080616
935.988258,305,2188.020598
886.310079,301,2188.494776
1714.86849,492,2190.748625
1698.90224,486,2193.470385
795.475658,240,2195.337775
1188.873107,395,2195.942276
1516.270448,425,2198.025856
1665.039533,459,2200.032239
1976.209328,540,2202.341987
655.552281,206,2202.679587
1248.579995,383,2204.625547
1570.973113,460,2207.131726
1233.58418,385,2209.629887
502.61906,169,2209.924307
1542.75221,472,2212.609695
557.283187,192,2212.931376
1468.557062,419,2215.495674
566.123219,186,2217.661916
1582.60596,464,2220.459703
1217.028298,335,2220.975269
1221.375247,336,2223.300233
1208.820233,367,2226.038865
557.269495,179,2226.325179
1686.986911,521,2228.542345
1475.094572,423,2230.649786
744.457657,236,2231.028021
1293.338179,379,2233.119921
1377.031399,410,2235.197969
2753.222072,702,2237.868923
1404.908622,400,2240.257461
1357.666696,391,2242.246109
560.928999,193,2242.521561
819.236743,255,2244.304321
1203.323413,367,2244.897485
525.065949,169,2246.798424
941.764953,283,2247.288216
1058.211271,300,2249.43285
617.45833,191,2249.797035
3575.876584,1000,2254.598782
112.112162,64,2254.704632
2344.020362,606,2257.231472
1956.619391,516,2260.048268
1232.050123,363,2262.015924
1233.856867,384,2264.144345
384.940493,133,2264.391207
1329.070361,366,2266.393666
1552.142843,447,2268.512297
951.675397,268,2268.915269
765.667939,227,2270.752589
899.061893,271,2271.183857
1254.394217,375,2273.17781
1769.577372,520,2275.256086
2373.645217,617,2277.72736
1164.416492,346,2279.800632
744.042718,225,2280.134259
855.632018,258,2282.1486
923.634473,285,2282.588322
1736.339354,524,2288.548226
1355.138273,376,2290.840769
531.982061,183,2291.76922
780.260652,231,2293.928449
1081.122647,313,2296.208149
1165.263075,374,2296.841448
2192.10149,597,2299.685683
1944.294516,534,2302.089818
1349.32784,370,2304.299207
1886.454563,497,2306.608488
859.594808,254,2308.562146
1239.388409,389,2309.16365
1069.424657,342,2311.179749
533.656856,180,2311.461727
3448.61516,1000,2315.789204
1741.017631,532,2317.892936
3348.379289,834,2321.887787
1628.302075,449,2324.885327
1157.320941,339,2327.161485
2362.589976,592,2329.525355
1569.823379,477,2331.928318
1785.62438,461,2334.224796
1540.045623,433,2334.861778
1687.806661,518,2337.206558
110.704535,61,2338.646069
1726.681925,473,2339.338276
812.375007,243,2341.20746
2707.625764,676,2343.684888
3756.105493,1000,2348.003232
945.136566,305,2349.862875
525.940301,197,2350.163972
1293.697893,382,2352.26049
1513.488576,437,2354.522607
1521.253338,439,2356.652207
2121.413052,576,2359.776894
818.288121,235,2360.129928
1597.497963,438,2362.444502
3586.113018,1000,2366.822822
2348.176291,606,2369.231859
3606.66488,1000,2373.599838
1536.225442,453,2376.2092
1877.57816,502,2378.948972
453.430409,152,2379.1842
867.966394,267,2381.541812
2707.271998,684,2384.019914
1159.821247,324,2385.834597
1222.720167,357,2388.109072
2607.007525,736,2391.617895
2702.079875,674,2394.35252
1697.262103,493,2396.821667
1484.232274,407,2399.430168
426.137661,145,2399.672722
2483.015118,697,2404.620157
690.848504,215,2404.944228
1449.260005,432,2407.509553
1909.830876,505,2413.060865
2528.487166,648,2415.743292
3854.19183,932,2420.699869
1535.054779,461,2423.757436
1777.152576,484,2426.088551
1539.1285,439,2428.293644
1888.793124,561,2431.045404
1768.496361,511,2433.691081
3206.599852,879,2438.98483
779.58374,285,2439.411274
2272.127601,658,2442.323376
3738.193354,1000,2447.525509
1624.483512,446,2449.973438
1169.029809,363,2452.211837
2595.926275,749,2455.250309
3249.930128,895,2460.850753
2366.165523,648,2463.642059
2647.77399,721,2468.262971
3306.565831,1000,2473.05336
427.555389,144,2473.289082
3635.412081,965,2478.408265
3627.257544,1000,2482.887894
2267.476228,620,2485.566506
1087.399213,338,2487.801914
1178.407527,355,2488.394524
3485.704135,933,2494.07417
3907.747845,1000,2499.012097
2747.556382,712,2503.114913
108.087168,63,2503.209062
1327.638434,380,2503.829585
2046.498969,548,2507.443559
2558.657398,643,2509.714054
3009.053743,777,2512.155724
2653.825791,727,2516.369394
3508.105499,977,2521.329708
1938.591895,536,2524.293889
1611.604225,482,2526.497845
1278.75688,409,2527.130037
128.914533,72,2528.668394
1811.34905,476,2530.785798
3347.387649,856,2536.2773
2362.98501,697,2540.736603
3437.791175,1000,2543.480425
1679.931495,496,2545.64242
1211.03297,363,2547.688376
3824.563228,1000,2552.245164
3017.860903,773,2557.080625
1076.548107,344,2557.612663
1469.041428,408,2559.548672
953.216829,366,2561.550166
3517.380216,1000,2566.121164
1520.562894,420,2568.299134
1261.127884,398,2568.986117
1626.638385,451,2571.493737
3414.385471,1000,2576.288226
496.072949,173,2578.363864
1495.121877,418,2579.069301
2606.735487,708,2583.675672
3363.04922,871,2586.750159
502.935972,171,2589.470238
2360.740609,646,2592.32119
1881.612581,533,2595.198138
2325.691669,664,2597.85762
2768.533878,746,2602.451574
2879.155594,769,2605.320668
1362.227503,399,2607.734298
3525.178107,1000,2613.208094
2204.727229,612,2615.939872
1061.206015,310,2618.052165
3553.977452,1000,2624.103904
666.556194,236,2624.536724
1985.071368,607,2627.129742
2612.364148,702,2630.965086
1565.50847,459,2633.022659
1527.40529,468,2635.197959
1454.029823,410,2635.807971
1350.13494,377,2637.856452
2278.127992,589,2640.469674
1343.997249,404,2642.651027
1230.333516,357,2644.668158
2197.957,602,2647.124537
3246.728187,869,2651.451455
3668.042173,1000,2657.151128
2176.067882,571,2662.766243
769.735053,229,2663.103004
3246.746027,851,2667.820717
2223.609032,590,2670.433264
1495.156174,430,2673.102871
1944.450444,505,2675.763277
1677.585904,507,2678.461076
3805.813518,1000,2683.273534
2047.915333,564,2685.490346
2309.787456,619,2688.61848
3324.144699,834,2692.947738
1841.437817,524,2695.144684
1322.530968,369,2695.704088
3656.755993,984,2699.964744
1231.454918,360,2701.846585
3753.571615,1000,2706.180385
622.67312,189,2706.498315
3826.034668,978,2710.755625
2918.476052,763,2714.699077
3943.010813,1000,2720.184262
3798.104115,1000,2724.319498
2414.676496,678,2726.763964
1888.362698,501,2729.029729
3548.552957,1000,2733.86604
3424.133261,918,2739.142648
3496.424423,878,2742.486586
1938.318403,502,2745.246813
2164.068064,575,2750.014333
1376.119012,386,2750.60013
869.729991,273,2753.731927
2070.715578,595,2756.644902
1813.223255,502,2759.338362
2694.809911,713,2762.068841
2589.083147,670,2766.366745
3719.528137,1000,2770.849881
1238.163887,366,2771.404903
3700.71528,1000,2775.776495
1331.188695,375,2777.873531
3801.450902,1000,2786.734832
887.074958,291,2788.843657
2201.028016,589,2791.186751
3047.956384,829,2793.946787
1494.536709,423,2796.039461
3876.086568,1000,2800.592392
1490.053149,411,2802.788187
2647.446552,727,2805.408571
2477.114342,629,2809.676353
3477.586133,908,2812.857249
1859.056603,508,2815.316478
3298.130113,879,2820.744556
2366.222203,638,2823.354216
3133.375038,831,2827.889209
3662.95311,1000,2833.030307
3618.906783,1000,2837.964123
3841.772426,1000,2842.932185
3600.421717,1000,2847.577237
3575.103718,1000,2852.934718
2235.811907,600,2855.430729
2263.553717,609,2857.9
3772.542874,1000,2862.719479
2872.489351,748,2865.238849
438.540249,154,2866.949232
2191.214694,608,2869.419211
2270.402896,582,2871.908257
223.590706,96,2872.058052
461.047835,158,2873.782934
3975.245409,1000,2878.330981
199.82671,91,2878.468591
432.6035,153,2878.716568
1483.671532,409,2880.832255
3842.528622,1000,2885.816486
1510.222458,430,2888.166434
3657.370342,1000,2892.979162
3934.333432,1000,2898.386162
431.761894,154,2898.676064
3126.876787,813,2904.656228
2588.275796,653,2908.995169
488.070879,171,2909.264379
1504.103058,452,2911.525278
1968.236276,517,2913.986273
2311.268629,608,2916.494828
3788.839495,980,2921.704482
3858.387188,1000,2926.474362
3913.152097,1000,2931.388345
3859.622417,1000,2936.262534
4061.745686,1000,2940.981421
3651.978081,903,2945.619149
3154.5249,791,2948.691068
3124.947144,813,2954.028227
419.635534,149,2954.246686
4039.0514,1000,2959.51457
464.980867,168,2959.870402
484.556664,168,2961.952675
1269.316096,351,2962.5751
362.085662,135,2964.368297
3454.44403,857,2967.516843
2938.915082,727,2972.072491
3765.366552,1000,2977.186441
402.244475,144,2977.388735
824.588601,249,2977.907423
430.5984,151,2979.569189
455.902421,163,2979.923231
546.725736,180,2980.30563
2287.555095,578,2985.180198
2584.872338,665,2987.74785
3914.505148,1000,2992.254451
461.32443,160,2992.504809
1545.741357,420,2994.650079
2049.275198,550,2997.043736
1421.934816,390,2999.155419
3729.392277,958,3003.855233
1749.127126,459,3004.622454
1818.964382,484,3006.971212
2291.338781,589,3011.404874
475.585302,171,3011.680665
3794.724834,1000,3016.2489
1567.161921,417,3019.339181
2351.753774,613,3021.83984
463.776454,162,3022.0617
3836.649317,1000,3026.491603
2406.723067,641,3033.153282
3880.380153,1000,3037.880486
2672.073084,679,3042.046247
3652.178713,1000,3046.701318
2490.923688,646,3049.993639
3797.682488,1000,3054.575401
1472.711241,399,3056.60117
1605.505596,443,3058.643303
2555.572721,663,3061.074632
3893.474498,1000,3065.286542
2193.085819,589,3067.638538
3996.806825,1000,3071.926024
3943.706206,1000,3076.235347
3854.202046,1000,3080.772398
3869.331168,1000,3085.926834
2417.495078,643,3088.485301
1572.564772,420,3090.633896
1361.500941,374,3092.804409
3851.083705,1000,3096.064223
4015.019461,1000,3100.887014
3936.568982,1000,3105.659411
3896.051971,1000,3110.014475
2746.141701,717,3113.925424
4066.171674,1000,3118.863168
2317.996241,592,3121.142826
1825.590308,478,3123.485002
2255.522111,610,3125.972421
408.901427,144,3126.18557
3969.849201,1000,3130.408054
2024.740639,532,3132.568821
209.183455,93,3132.706233
175.817852,83,3134.291257
3920.365302,1000,3138.760349
3860.051933,1000,3141.635027
4012.785452,1000,3150.008731
4014.253997,1000,3154.528435
501.611073,172,3156.499925
4088.133191,1000,3161.302104
4079.922364,1000,3166.25201
430.969464,151,3166.523892
2847.438032,729,3169.248868
3971.952681,1000,3174.366517
1482.876173,404,3176.702218
3945.986636,1000,3182.398885
422.34927,149,3182.655629
214.07468,94,3184.338969
3683.029334,1000,3187.577958
4060.993451,1000,3192.460588
4035.130647,1000,3197.013537
3848.076089,1000,3201.792988
1218.878383,353,3203.781886
4041.479512,1000,3208.189689
528.215103,175,3208.524186
1483.118241,407,3210.592443
1943.030707,499,3212.914158
3874.916799,974,3218.086428
797.885628,235,3218.543183
3971.436052,1000,3222.939407
3316.474786,800,3227.628046
1553.778903,419,3230.098071
2764.251093,675,3232.959149
4106.168459,1000,3238.154994
4136.419132,1000,3243.41784
4098.00754,1000,3248.512764
4094.933449,1000,3252.749615
2659.51818,666,3255.066639
3964.437608,1000,3259.707746
4155.22294,993,3263.814218
1656.464969,425,3270.128327
3845.73967,938,3274.656361
412.349559,144,3274.871949
4045.970906,1000,3279.486351
4103.911906,1000,3284.826013
1554.695589,411,3287.436058
2334.249242,627,3290.727761
407.421419,145,3291.006028
1557.555178,429,3293.921245
2169.241285,556,3297.097863
4161.143829,1000,3302.799816
4147.063169,1000,3308.215744
1787.901073,469,3311.221794
1460.802014,396,3314.126389
4081.565679,1000,3320.108715
3025.25553,758,3323.459965
3996.819191,1000,3328.935185
2966.789701,763,3334.044393
3483.498707,835,3336.940322
2204.238191,561,3339.593194
3374.566539,850,3344.5859
4048.978961,1000,3350.307728
4016.880453,1000,3355.19617
4001.410292,1000,3360.148404
4055.587429,1000,3364.593943
2819.49266,704,3367.028127
1948.12327,495,3369.101409
4087.00205,1000,3373.619554
4115.889264,1000,3378.629437
2238.175304,581,3381.758431
4091.574519,1000,3385.869447
4208.914986,1000,3389.980715
3927.835452,1000,3394.524907
4088.861715,1000,3403.268173
2079.454891,541,3405.48261
1556.378799,413,3407.497172
3990.249852,1000,3411.793378
3038.135567,754,3415.426138
3961.866475,958,3419.825472
3334.334924,805,3424.101245
4025.821958,977,3428.512747
3982.241779,1000,3433.180794
1448.788741,387,3433.782694
4011.232602,1000,3439.143822
3906.026015,1000,3443.14588
2249.12125,596,3446.038568
4095.486174,1000,3450.669942
4086.950725,1000,3455.603822
4216.629002,1000,3459.98104
4165.855612,1000,3464.867285
3787.891134,932,3469.210122
1556.945597,419,3471.705153
755.502671,226,3472.056438
4188.9003,1000,3477.323458
1745.440507,482,3480.500395
4164.646751,1000,3484.938745
2516.152251,622,3487.709994
4165.346435,1000,3492.703207
1945.928276,489,3495.041472
1926.732986,494,3497.472801
4041.292236,1000,3502.194212
1612.748583,420,3504.199108
4095.185561,1000,3508.61752
4060.786132,1000,3514.025778
4090.430338,1000,3522.906145
3902.87453,1000,3527.275515
4131.957426,1000,3532.437323
3447.92069,829,3535.849516
4191.103525,1000,3541.544359
3085.793289,739,3547.415002
1912.631915,495,3550.380341
1551.794278,405,3553.004098
1889.922835,478,3555.667384
4213.494983,1000,3561.414903
4093.203686,1000,3564.795563
4208.596896,1000,3570.000796
1564.787378,425,3572.578323
4218.788613,1000,3578.387298
1815.84305,465,3580.905793
377.652307,140,3581.115298
4083.529797,1000,3585.956285
1557.128661,406,3588.455675
1972.489787,491,3591.088371
1831.545152,467,3593.663498
3770.757563,954,3598.648454
4137.908661,1000,3603.981494
4120.948441,1000,3609.380122
2439.400554,615,3613.033185
1917.354272,495,3615.61656
1871.892922,477,3617.704426
1905.104831,475,3620.342747
2296.233997,567,3622.718484
3842.461344,927,3626.789036
4228.080664,1000,3630.989859
4150.05793,1000,3635.415706
4033.417138,1000,3639.973318
4247.45179,1000,3645.440596
4063.616412,1000,3653.641886
3074.668337,743,3658.159038
4166.93585,1000,3663.261552
4220.898176,1000,3668.860703
3612.404518,857,3674.211766
4107.187558,1000,3678.504116
4071.111682,1000,3683.699954
4312.334644,1000,3688.94958
3429.16511,827,3693.476243
2405.187903,590,3696.355658
4246.166888,1000,3701.984113
4136.763682,1000,3707.172715
4195.874531,1000,3712.849309
4185.897818,1000,3717.85097
4188.31426,1000,3722.855086
4224.98243,1000,3728.063731
3397.429295,827,3731.138008
3855.580543,915,3736.348269
4295.13285,1000,3741.413887
2871.91641,689,3746.212472
1243.113416,337,3746.733573
2394.583145,574,3749.180972
4261.35673,1000,3753.680057
2487.828583,619,3757.970681
2830.120698,673,3760.642092
4062.117163,1000,3765.34291
1882.142871,482,3767.679527
1271.658519,354,3768.219759
3394.760759,835,3773.097492
2133.709638,520,3776.024544
4032.887824,1000,3780.486827
4147.212069,1000,3789.009438
4049.618711,1000,3793.910176
4044.397334,1000,3799.149347
2129.833601,542,3801.197021
1195.324682,321,3803.03563
2327.629902,563,3805.533019
4147.218286,1000,3810.964525
3528.635347,841,3814.060005
4056.75145,1000,3818.848787
2935.484504,725,3823.441398
4073.49276,1000,3828.202414
2022.030655,517,3830.710199
2744.380874,675,3833.459629
4269.916448,1000,3838.608992
4167.11806,1000,3843.830304
4275.750862,1000,3848.337685
3862.951628,936,3852.67371
2375.743623,595,3854.935522
3157.405983,754,3857.376873
1506.251578,401,3859.688895
2311.289727,566,3861.968479
4215.316324,1000,3866.225711
808.474417,231,3868.129585
590.176598,182,3868.408565
4132.98082,1000,3874.578346
4233.835065,1000,3880.009446
4228.816131,1000,3885.405005
4126.837506,1000,3890.508271
4255.226541,1000,3895.975763
4292.527285,1000,3901.32075
4278.365438,1000,3907.829332
1139.856408,313,3913.348811
2713.152977,630,3916.220287
2300.034665,572,3919.406749
3476.433487,808,3924.324295
4293.500541,1000,3928.908787
4174.027264,1000,3933.88756
4124.819819,1000,3938.657736
4177.17995,1000,3944.366133
3953.070203,935,3949.349357
2996.947198,724,3951.88545
420.956885,151,3952.110651
2253.414323,580,3956.098572
4144.858292,1000,3960.952419
4208.91959,1000,3964.065875
2876.590518,699,3968.451261
4258.53916,1000,3974.082507
4176.795626,1000,3979.6365
975.105255,270,3980.021756
1630.311428,417,3982.156367
4224.069496,1000,3987.173406
4188.562692,1000,3992.451424
4299.010066,1000,3997.58289
4309.339616,998,4002.758252
1527.707316,402,4005.289808
3149.050452,735,4008.863035
4356.689914,1000,4014.206818
244.646164,98,4014.359406
4156.325639,1000,4019.686676
4224.719005,1000,4025.194932
3907.740074,905,4030.389924
4197.180337,1000,4035.875255
4223.035291,1000,4041.69684
4292.487916,1000,4051.130544
2346.270113,594,4054.002115
4306.653416,1000,4059.293028
4318.476536,1000,4064.580739
4252.625075,1000,4069.402888
2562.645115,612,4072.643074
1269.131866,338,4074.823237
4368.470715,1000,4079.547506
4036.861893,912,4082.426155
283.880219,114,4084.153283
287.055836,118,4084.329511
428.295899,152,4084.54782
2314.822461,561,4086.947443
4334.869395,1000,4091.888403
3242.157157,758,4096.412932
4304.748375,994,4101.386287
2752.603647,655,4103.785575
3377.886925,815,4107.184977
3102.334868,746,4111.768372
2256.399633,556,4113.994507
4175.961438,965,4118.283135
4372.78522,1000,4122.909554
1595.614651,409,4125.186327
1596.082984,409,4125.815804
2385.562393,576,4129.935236
4207.984454,1000,4134.485965
2398.150853,568,4136.913422
3010.944106,690,4140.301101
4217.180219,1000,4144.944836
4081.508655,980,4149.201916
4242.533073,1000,4153.694976
4277.37197,1000,4158.10518
4249.475364,1000,4162.583853
4332.037069,1000,4171.158591
4363.619825,1000,4175.355299
3587.211651,792,4178.480709
2326.764415,571,4181.283232
4179.440483,1000,4186.678018
835.605646,242,4189.027653
1492.575474,384,4189.668007
2583.957748,630,4194.481826
965.91479,273,4194.925868
774.207459,231,4196.98818
4389.926365,1000,4201.550504
4191.486614,1000,4206.874237
2637.867814,656,4209.453855
2619.029923,673,4211.99608
4325.462499,1000,4216.531255
1184.08922,312,4219.013626
4308.207728,1000,4223.951433
4409.190175,1000,4228.708757
4418.492794,1000,4232.973524
3459.686809,822,4235.576643
2385.413428,578,4238.492158
2078.906321,519,4240.673022
3565.11723,822,4244.791578
4298.898863,1000,4250.455228
1249.710388,342,4253.09901
4272.822177,999,4258.2359
4168.232707,1000,4261.404702
4375.667423,1000,4266.477695
2447.659515,588,4271.52455
1639.265245,424,4272.210691
4020.277832,1000,4277.433696
4338.278946,1000,4282.462581
3400.211031,809,4286.973665
3959.292807,924,4296.503174
397.149278,145,4296.708438
4393.734626,1000,4301.572378
2770.538759,673,4304.907088
4389.822748,1000,4309.642579
4196.378223,1000,4314.551314
1141.789628,301,4316.554923
2544.736837,610,4319.193174
4133.663896,1000,4324.56438
3421.96775,841,4329.504866
4310.467396,1000,4332.935184
4182.876494,1000,4338.496425
4460.40145,1000,4343.622107
4333.783485,1000,4348.289561
4324.193972,1000,4353.619695
4284.693163,1000,4358.549326
4189.612091,1000,4363.134187
4402.168833,1000,4369.068832
4212.154945,949,4373.793586
4173.983043,1000,4378.298659
1932.351147,502,4380.837809
3302.359904,739,4383.96373
1594.571388,410,4386.157914
4242.298316,1000,4390.842987
4342.46595,1000,4395.85309
4220.167165,1000,4401.87137
832.985747,253,4403.656957
2492.744936,602,4406.048461
3072.421558,731,4408.904263
4338.169004,1000,4414.261027
1307.01748,341,4416.432714
1176.253564,318,4417.125411
4402.15487,1000,4426.527349
3416.280955,809,4430.558678
4393.328085,1000,4435.939507
2710.965859,675,4438.839317
2389.536689,584,4441.36592
4339.548656,1000,4445.822137
3411.392413,803,4449.930007
4216.799129,1000,4454.363619
4202.882854,1000,4458.985087
4224.167211,1000,4463.305479
4331.364638,1000,4468.064331
4218.00955,1000,4472.91076
4191.101253,998,4477.236197
1151.453942,319,4477.707344
1608.85899,435,4479.701506
4377.772193,1000,4483.870991
4338.632872,1000,4488.261514
1751.166155,460,4490.548093
1223.129628,320,4491.050994
4332.680062,1000,4495.920558
4254.532956,974,4501.508896
4280.511546,1000,4506.248276
4061.685488,944,4511.11021
2224.348254,550,4513.889429
4337.474422,1000,4519.498769
4333.513975,1000,4524.57054
2510.233923,596,4527.214666
2450.016363,587,4530.053046
4338.709035,1000,4535.563654
3928.109846,897,4539.783958
3216.549691,748,4547.58797
1674.591872,422,4548.223382
3524.712352,828,4552.272537
4238.899035,1000,4556.515615
2028.720404,502,4558.695397
3088.672667,717,4561.173192
4245.249101,1000,4566.225554
794.623062,246,4568.094935
4348.193197,1000,4572.531188
3795.221026,893,4575.353712
4307.163836,1000,4580.094187
4210.683464,1000,4584.156334
2209.762781,532,4586.392345
4338.354159,1000,4591.276136
4254.369911,1000,4596.308502
1553.566214,408,4598.392699
2007.94041,499,4601.423684
4356.922376,1000,4606.164471
4461.976881,1000,4611.99994
1839.961848,468,4614.747969
3680.183829,881,4619.401837
4333.193548,1000,4624.268335
4351.486845,1000,4629.955006
4284.431316,1000,4635.901579
4359.187044,1000,4639.540283
3425.347195,807,4644.100349
2414.439521,595,4646.973423
1164.606217,319,4649.237474
1500.59191,396,4651.713942
1582.522236,411,4652.384225
4380.683676,1000,4657.437149
4380.174842,1000,4662.302694
1869.611219,471,4665.712142
4311.482026,1000,4674.274191
3546.605455,816,4679.142381
4420.64772,986,4684.011918
4213.502561,1000,4688.841004
847.620289,250,4689.20849
4493.265264,1000,4694.189998
4400.758156,1000,4700.015856
4354.740679,1000,4705.424272
1687.222553,419,4707.828635
844.533212,253,4708.25911
2365.665309,561,4710.682323
3041.09302,701,4715.030272
4400.705741,1000,4720.180587
843.968555,255,4720.597395
4234.801648,1000,4725.770648
4371.575825,1000,4731.148012
4236.87252,1000,4736.24429
4401.597659,1000,4741.183229
1955.490881,485,4743.69523
2025.708108,491,4746.221835
4387.276247,1000,4751.278781
4357.455449,1000,4756.578722
4329.686341,1000,4761.520094
3996.464677,918,4766.467341
4275.527114,1000,4771.262198
4440.599645,1000,4776.025564
4232.399442,1000,4779.127866
4396.47532,1000,4784.068904
1562.074724,387,4786.219482
4392.881044,1000,4791.517322
2763.225174,666,4794.48236
4189.348384,1000,4804.398768
2059.683747,516,4806.56561
3733.970278,879,4810.80947
3750.869834,852,4814.921915
4233.489097,1000,4819.115715
4358.684276,1000,4823.838419
3570.12374,822,4826.42798
2001.268581,506,4829.316942
4270.805373,1000,4834.550508
2310.175889,561,4836.966404
4247.1085,1000,4841.711112
4374.364362,1000,4846.276335
4411.981403,1000,4850.640006
3648.04144,873,4854.919892
4272.873513,993,4859.970823
4382.944449,1000,4865.27195
1470.168284,367,4865.844055
4243.728323,1000,4870.437267
2882.458373,670,4874.231942
1266.310038,340,4874.732223
2885.299913,665,4878.708066
4342.7599,1000,4883.473423
1660.298309,424,4884.058758
4338.998689,1000,4888.186046
4356.210367,1000,4892.60917
1215.854958,318,4894.969568
2461.124594,631,4897.384031
3303.816927,761,4901.734166
4413.19323,1000,4907.292572
2030.665075,505,4910.070975
4425.357808,1000,4915.604046
2286.482253,555,4922.170025
