#{"t_start": 1780234548.465207, "env_id": "HalfCheetah-v4"}
r,l,t
-12.960136,1000,3.382509
-11.660649,1000,6.769663
4.738238,1000,9.678523
14.997406,1000,12.569994
26.340037,1000,15.661654
62.320531,1000,18.380188
70.361944,1000,21.279484
65.085384,1000,24.052391
125.433136,1000,26.876292
132.09679,1000,29.796284
61.147056,1000,32.554028
120.869858,1000,35.365486
78.663985,1000,38.699143
201.920231,1000,41.516897
214.083851,1000,44.399668
212.744304,1000,47.176079
150.408787,1000,49.915631
154.904293,1000,52.780679
49.048401,1000,55.60769
89.04505,1000,58.455025
40.930224,1000,61.359229
79.666622,1000,63.556036
28.65098,1000,66.374164
82.880813,1000,69.568767
42.056867,1000,73.669011
59.377011,1000,80.555962
77.877309,1000,83.542603
75.059764,1000,86.307033
73.987995,1000,89.01955
59.90102,1000,92.07504
93.89928,1000,95.188714
136.797281,1000,98.034675
131.406198,1000,100.89903
186.878093,1000,104.233467
252.544741,1000,107.114319
182.050603,1000,110.111507
257.486366,1000,113.008027
269.058854,1000,115.763646
289.250222,1000,118.694948
332.931828,1000,121.602064
306.984356,1000,124.586034
298.387883,1000,127.623099
304.221703,1000,129.952913
335.885223,1000,133.180871
383.429719,1000,136.513216
378.796298,1000,139.285253
354.974013,1000,142.181026
372.846862,1000,144.937717
353.53813,1000,147.762342
384.8482,1000,150.765963
434.100957,1000,157.62647
396.344938,1000,160.548742
424.405029,1000,163.690778
411.64547,1000,167.019247
427.965434,1000,170.825849
476.77822,1000,174.147105
412.608435,1000,177.610213
425.389319,1000,180.8969
434.09607,1000,184.111221
500.151438,1000,187.244312
457.002056,1000,190.349329
428.575711,1000,193.516086
461.662368,1000,197.014528
449.115646,1000,199.222894
520.741287,1000,203.128139
466.214307,1000,206.140473
478.682132,1000,209.44468
482.760553,1000,212.719476
62.240985,1000,215.95527
543.248653,1000,219.288032
68.244543,1000,222.735282
510.441301,1000,226.121983
529.034215,1000,229.469972
178.387348,1000,232.82936
544.29006,1000,236.794134
529.136116,1000,244.129228
545.455602,1000,247.466266
522.331892,1000,250.748891
580.194708,1000,254.353876
138.13861,1000,257.392687
298.835588,1000,260.470211
612.293119,1000,263.579682
572.849127,1000,266.424167
657.541091,1000,269.780872
613.579038,1000,272.59955
654.262706,1000,274.767866
615.048277,1000,277.666601
666.173512,1000,280.930947
618.155569,1000,284.153757
415.588249,1000,287.669014
732.92457,1000,291.253308
102.136064,1000,294.765685
461.542283,1000,298.301662
673.885305,1000,301.793385
730.638445,1000,305.499547
727.67738,1000,309.181995
750.782006,1000,312.74106
784.499491,1000,315.823312
779.144536,1000,319.195997
809.415401,1000,322.525158
810.595262,1000,330.610219
725.618679,1000,334.12608
250.390888,1000,337.70921
801.670739,1000,340.973168
72.363165,1000,343.90054
798.512751,1000,346.757392
776.543599,1000,348.938744
800.983003,1000,351.954108
914.699264,1000,354.994814
383.116,1000,358.145754
900.773069,1000,361.414247
867.248326,1000,365.047284
883.792731,1000,368.114896
819.149836,1000,371.275191
911.089012,1000,374.620851
879.115096,1000,377.54677
875.559311,1000,380.678059
51.311844,1000,383.952764
877.708326,1000,386.879162
913.749054,1000,390.087997
935.668916,1000,393.684689
966.400346,1000,396.840261
982.841672,1000,400.112545
848.367511,1000,403.2043
965.215169,1000,406.220404
841.025558,1000,413.432196
1003.623184,1000,416.394186
1030.295772,1000,418.662851
1186.019911,1000,421.652149
1123.842211,1000,424.561942
1083.930843,1000,427.352057
948.711638,1000,430.865999
1056.655506,1000,434.288469
1047.215925,1000,437.52984
1184.878617,1000,440.89953
1137.048314,1000,443.883269
1195.829394,1000,447.28765
1006.828143,1000,450.426876
1210.143178,1000,453.400131
1184.340871,1000,456.605411
1249.634106,1000,459.736072
1145.075173,1000,463.243718
1274.630669,1000,466.316403
1283.358449,1000,469.413621
1274.061717,1000,472.678499
1285.246598,1000,475.916335
2.361566,1000,479.316902
1095.013178,1000,482.727913
1330.863831,1000,486.047437
1454.210564,1000,488.316015
1106.000696,1000,496.208862
1345.118985,1000,499.21991
747.978612,1000,502.380866
1331.625902,1000,505.642757
1574.377938,1000,508.922103
1412.844456,1000,512.175066
1401.322936,1000,515.302723
1295.771664,1000,518.587728
1640.319324,1000,522.101164
1704.738269,1000,525.785128
1543.890185,1000,529.726118
1571.660336,1000,533.009768
1615.079957,1000,536.333769
1513.110308,1000,539.538875
1697.490213,1000,542.824892
1683.680769,1000,546.233186
1728.858371,1000,549.756963
1773.285708,1000,553.500455
1858.358945,1000,556.370383
1868.41282,1000,559.340705
1832.730778,1000,562.221924
1669.244302,1000,565.234677
1877.250575,1000,568.269315
1857.562681,1000,571.485638
1386.425671,1000,575.270905
1871.86531,1000,582.964896
1836.911596,1000,586.12017
1882.491435,1000,589.241087
1717.773444,1000,592.350349
2090.541198,1000,595.982408
963.953447,1000,599.028897
2137.638996,1000,602.3464
1974.297535,1000,605.308589
2046.184507,1000,608.308441
2143.695311,1000,611.188825
2242.884709,1000,614.559163
2181.880112,1000,617.433244
2182.282926,1000,620.300027
2120.655912,1000,623.312115
2192.168131,1000,626.785276
1925.36684,1000,629.710325
2261.33088,1000,631.922755
2146.370032,1000,635.004483
1866.097801,1000,638.0418
2442.485096,1000,641.270096
2378.667607,1000,644.491433
2451.53656,1000,647.780267
2372.132523,1000,651.287275
2440.032472,1000,654.742435
2422.566414,1000,658.126343
2465.437084,1000,666.375752
1677.864655,1000,669.725062
1613.97436,1000,673.325364
2087.07877,1000,676.352225
2010.26974,1000,679.642131
2411.450483,1000,683.299552
2505.788052,1000,686.683775
2635.380761,1000,690.141521
2484.582607,1000,694.051166
2191.085525,1000,697.386067
1491.864358,1000,700.495355
2449.269905,1000,703.474298
2541.460456,1000,706.292977
2642.918873,1000,708.407738
2581.341693,1000,711.437482
2248.488431,1000,714.629037
1157.570734,1000,717.563076
2693.840803,1000,720.466754
2539.949488,1000,723.560756
2512.980218,1000,727.207371
2251.004263,1000,730.353399
2628.325801,1000,733.769073
2769.203532,1000,736.467015
2237.176269,1000,739.279564
2746.157561,1000,742.359039
2669.981726,1000,749.490128
2783.175842,1000,752.65599
2696.372478,1000,755.895058
2784.757708,1000,759.477514
2470.485906,1000,762.475678
2185.001195,1000,765.55146
2604.016665,1000,768.775603
2526.89125,1000,771.915237
2546.023585,1000,774.848938
2828.021389,1000,776.971122
2889.903015,1000,779.802765
2779.805466,1000,782.570084
2893.894467,1000,785.299614
2889.621503,1000,788.423754
2885.352342,1000,792.027316
2931.207464,1000,795.545465
2988.781297,1000,798.770858
3033.355684,1000,801.748208
2971.846514,1000,804.692045
2956.818673,1000,807.456186
3081.511623,1000,810.297516
2649.781763,1000,813.144822
3006.954899,1000,816.035248
3013.399298,1000,818.937305
3139.639995,1000,821.780122
2613.723184,1000,829.371642
3066.185212,1000,832.455463
1696.804115,1000,835.729156
3148.2282,1000,838.902481
3070.25087,1000,842.343532
3112.010789,1000,844.729471
3073.205088,1000,847.940089
3145.647718,1000,851.400331
3134.008761,1000,855.119031
3149.274088,1000,858.900166
3190.388146,1000,862.326337
2172.315389,1000,865.120288
3145.29112,1000,868.185654
3105.869823,1000,871.162759
3100.65814,1000,874.3943
3147.060853,1000,877.709397
3112.155014,1000,881.159419
767.017233,1000,884.746273
1388.86662,1000,888.718992
1542.498858,1000,892.222611
3235.137791,1000,895.686472
2813.41746,1000,899.149104
3228.722221,1000,902.613367
3189.95697,1000,905.976092
3187.606658,1000,909.21483
3256.400823,1000,916.999505
3162.588954,1000,920.121201
3116.960208,1000,923.090492
3178.596494,1000,926.30347
3219.361892,1000,929.947031
3211.946386,1000,933.188249
3357.556946,1000,936.865862
3370.84727,1000,940.221775
3275.556611,1000,943.088477
1369.720025,1000,945.857186
3354.181585,1000,948.643564
3326.763772,1000,951.563413
956.854117,1000,955.481
3361.082084,1000,958.673522
2110.984583,1000,961.521028
3249.577398,1000,964.328253
2774.136399,1000,967.191568
3240.099163,1000,970.066119
3216.56355,1000,972.93909
3413.664005,1000,976.117452
3358.593458,1000,978.834791
3371.639434,1000,981.625921
3456.082402,1000,984.572795
3477.750766,1000,987.189636
3416.48467,1000,990.08445
3411.611011,1000,996.911967
3281.221626,1000,999.949056
3523.180013,1000,1003.632118
3384.683423,1000,1007.572575
2978.691906,1000,1011.329019
3542.908023,1000,1014.873494
3445.927641,1000,1018.673706
3435.568669,1000,1022.750773
3530.902674,1000,1025.964819
3443.355833,1000,1029.164713
3429.332572,1000,1032.393295
1069.403501,1000,1035.597567
3520.42349,1000,1038.645169
3553.046017,1000,1041.751811
3582.585781,1000,1044.848883
2442.37554,1000,1048.298336
1500.622252,1000,1051.82603
3585.406506,1000,1055.543337
3587.294803,1000,1058.505186
3481.079829,1000,1060.791913
3402.770716,1000,1063.561695
3548.218073,1000,1066.292744
3472.278644,1000,1069.208199
3624.533662,1000,1072.250686
3539.638034,1000,1075.066382
3527.207126,1000,1082.07038
3652.62405,1000,1085.581734
3600.412638,1000,1088.706343
1528.35825,1000,1091.529102
3547.629725,1000,1094.60849
3636.370504,1000,1097.612502
3603.54316,1000,1100.457952
3602.133244,1000,1103.230232
3615.797251,1000,1106.168889
3247.546142,1000,1109.165148
3632.986759,1000,1112.377389
3634.804253,1000,1115.636278
3653.473085,1000,1119.391007
3579.672074,1000,1122.679497
3613.602363,1000,1125.840362
1011.643532,1000,1128.993549
3727.812223,1000,1131.383385
3777.386,1000,1134.528155
3728.01841,1000,1137.552438
684.09192,1000,1140.63937
1259.851812,1000,1143.656822
3682.680511,1000,1146.443116
3676.698104,1000,1149.658451
2302.092971,1000,1153.104534
3551.130893,1000,1156.418293
725.14935,1000,1163.198581
3673.118463,1000,1165.995347
3656.691564,1000,1169.026011
3654.025213,1000,1172.048662
422.426775,1000,1175.108626
3747.519746,1000,1178.262711
3695.43392,1000,1181.321743
3631.941244,1000,1184.907387
1657.540719,1000,1188.058569
1622.800318,1000,1191.163119
3725.870585,1000,1194.091095
2949.610029,1000,1197.27418
3836.146375,1000,1199.660782
962.500221,1000,1202.614137
3730.897338,1000,1205.437487
3763.456075,1000,1208.598658
3846.265432,1000,1211.843467
3745.462632,1000,1215.646402
3693.974219,1000,1219.669361
3626.678763,1000,1222.987188
3807.421122,1000,1226.202484
3747.467047,1000,1229.454539
3785.4305,1000,1232.539282
3804.977627,1000,1235.467029
3766.106362,1000,1238.641933
3701.576743,1000,1246.655653
3779.146047,1000,1250.53018
935.823757,1000,1254.022593
1342.267378,1000,1257.50861
3727.878924,1000,1260.917506
3814.519092,1000,1264.381938
3680.776332,1000,1267.882946
1931.492566,1000,1271.414871
1336.56109,1000,1274.30755
3750.43171,1000,1277.492421
453.4875,1000,1280.768968
3882.502778,1000,1284.768828
3776.869373,1000,1288.192861
3840.438478,1000,1291.618112
3783.47335,1000,1295.075893
3799.125709,1000,1298.482621
3733.52388,1000,1301.352364
3844.284796,1000,1304.129766
3834.0135,1000,1307.064174
3845.010706,1000,1309.993146
3818.208467,1000,1312.99385
3754.492754,1000,1316.429237
3830.048739,1000,1319.438766
3783.492988,1000,1322.387661
3833.291291,1000,1325.276879
3899.509172,1000,1332.509711
3878.932457,1000,1335.329529
-30.336287,1000,1338.327291
1075.621241,1000,1341.547911
3757.835781,1000,1344.717318
494.601201,1000,1347.724719
3793.02136,1000,1350.903856
3820.967471,1000,1354.251244
3866.945756,1000,1357.447667
3931.087455,1000,1360.440218
3915.286334,1000,1363.849528
3823.69192,1000,1367.204708
3900.269193,1000,1370.667358
3938.607454,1000,1374.168444
3947.675815,1000,1377.639594
3860.075657,1000,1381.968497
1373.063622,1000,1385.948005
3927.412306,1000,1389.36882
3870.682823,1000,1392.881169
3868.327191,1000,1396.376454
3860.919488,1000,1399.67448
2211.365473,1000,1402.979214
3913.93673,1000,1406.50244
1429.968175,1000,1410.172586
3901.483149,1000,1414.415918
2483.078219,1000,1422.490241
3842.588739,1000,1424.738243
3892.527188,1000,1427.565566
3964.517382,1000,1430.672595
3981.685633,1000,1433.61498
3279.616672,1000,1436.579183
483.632224,1000,1439.594026
3952.966314,1000,1442.737178
3868.479851,1000,1446.490637
1621.959526,1000,1449.698759
2579.05962,1000,1452.817402
3913.946308,1000,1456.462909
3913.305778,1000,1459.642287
3910.476137,1000,1462.754681
3937.108763,1000,1466.073933
4026.379963,1000,1469.35934
3958.849054,1000,1472.738139
1750.38014,1000,1475.991235
1406.70386,1000,1479.694075
2877.620313,1000,1483.044481
3994.31968,1000,1486.196298
3913.190572,1000,1489.424556
3064.917215,1000,1491.820997
3930.915703,1000,1495.248554
4025.373171,1000,1498.510576
4014.457113,1000,1506.000509
3015.439439,1000,1509.117266
3829.934737,1000,1512.532891
3960.878164,1000,1515.647262
4079.898866,1000,1518.530643
4052.226322,1000,1521.425466
3998.259648,1000,1524.296774
2713.607871,1000,1527.087212
4099.191289,1000,1529.857503
4022.718548,1000,1532.725074
4018.222091,1000,1535.501209
1101.49182,1000,1538.623976
4032.527727,1000,1541.982921
3671.243356,1000,1545.784343
4010.66892,1000,1549.227538
4045.5441,1000,1552.511196
4064.690081,1000,1555.591062
4062.627001,1000,1558.407097
4050.84925,1000,1561.244614
4032.222565,1000,1563.471165
4031.852621,1000,1566.314887
4067.683659,1000,1569.359475
4022.389411,1000,1572.844409
3215.445138,1000,1576.011589
3998.463418,1000,1579.6909
4021.978743,1000,1587.307305
4126.44111,1000,1590.643993
4034.781121,1000,1593.884993
4017.113221,1000,1596.866322
4017.375563,1000,1599.841208
4070.271529,1000,1603.26824
2981.597791,1000,1606.743793
4123.863326,1000,1610.815845
3979.210005,1000,1614.328074
3426.78759,1000,1617.870149
4103.328916,1000,1621.37815
4014.598732,1000,1624.716668
3936.942976,1000,1628.173886
4162.05746,1000,1631.385124
4191.449456,1000,1634.889925
1122.037375,1000,1637.284214
2966.633481,1000,1640.279299
3915.511289,1000,1643.991199
3998.430423,1000,1646.952541
4036.817243,1000,1650.018897
4143.654469,1000,1652.928889
4110.676672,1000,1655.898784
4027.777202,1000,1659.0259
4006.279636,1000,1662.149034
1060.302722,1000,1665.62141
4092.736562,1000,1672.903319
3998.506606,1000,1676.568983
2950.308034,1000,1680.050189
4132.866435,1000,1683.460586
3466.760064,1000,1686.771698
4081.956109,1000,1690.152562
4103.546407,1000,1693.697766
4038.148355,1000,1696.713012
4139.609495,1000,1699.832218
414.325612,1000,1702.830508
2613.612682,1000,1706.090889
1928.400738,1000,1709.163562
4068.430015,1000,1712.43975
4071.065685,1000,1715.442259
3570.114864,1000,1718.554497
4156.248212,1000,1721.909809
4138.118143,1000,1725.216058
4092.69164,1000,1728.549903
4183.90611,1000,1732.005341
4146.524111,1000,1735.421442
2282.32537,1000,1738.686024
2471.408884,1000,1742.609811
3857.929094,1000,1745.799789
4018.490666,1000,1749.173132
3965.157082,1000,1752.542077
3343.269701,1000,1760.446353
4180.928404,1000,1763.640247
4015.835494,1000,1767.145607
4156.300004,1000,1770.507697
4123.434479,1000,1774.536759
4141.135548,1000,1777.805092
4186.962184,1000,1780.966948
472.326908,1000,1784.166015
4110.641339,1000,1786.502529
1319.162668,1000,1789.35733
4192.234458,1000,1792.200728
1767.100132,1000,1795.196695
998.270381,1000,1798.067137
4098.029979,1000,1801.005452
2169.437679,1000,1803.848712
4122.448551,1000,1807.101922
3722.399168,1000,1810.130228
4142.941506,1000,1813.627509
4000.993888,1000,1816.378977
4115.586365,1000,1819.035969
4283.755337,1000,1821.785396
3272.586246,1000,1824.627588
4241.295485,1000,1827.4742
4030.38734,1000,1830.299848
8.999547,1000,1833.362103
4015.229103,1000,1840.772296
4122.942238,1000,1843.543743
4150.270356,1000,1846.283477
4100.792911,1000,1849.528478
4212.768836,1000,1851.784234
4085.742709,1000,1854.592151
4272.057756,1000,1857.835611
4156.886758,1000,1860.915685
4263.706774,1000,1864.077158
2480.291007,1000,1867.435911
4136.444388,1000,1870.892124
3655.569309,1000,1874.950576
1375.031956,1000,1877.998268
3555.702767,1000,1881.247458
3268.818668,1000,1884.613352
645.53819,1000,1888.039631
4110.222276,1000,1891.502332
4272.099993,1000,1894.435005
4223.128655,1000,1897.418368
4192.752757,1000,1900.224952
4085.914957,1000,1903.33985
1588.280977,1000,1906.95161
-4.04269,1000,1909.685221
4252.619681,1000,1912.414398
4172.890119,1000,1915.656549
198.941154,1000,1921.978992
4213.824059,1000,1924.734169
569.419284,1000,1927.654167
4204.540541,1000,1930.480372
2314.431656,1000,1933.995302
891.338291,1000,1937.051553
4128.066531,1000,1940.744545
4113.986984,1000,1944.170945
3371.501505,1000,1947.324505
4126.338397,1000,1950.602253
4132.319547,1000,1954.150041
4199.122142,1000,1957.340533
4157.206315,1000,1960.706749
4274.469004,1000,1964.097295
4188.381067,1000,1967.520024
4074.131254,1000,1971.500916
4315.894497,1000,1975.035472
4184.115631,1000,1978.465702
4235.195934,1000,1981.955758
4279.663606,1000,1985.351296
4167.344226,1000,1988.681287
4220.705094,1000,1992.047025
4250.152255,1000,1994.624678
4243.797356,1000,1997.617082
4051.399026,1000,2000.930187
4306.535757,1000,2009.265584
31.566211,1000,2012.563485
4148.500765,1000,2015.711728
4271.705783,1000,2018.826826
4190.534412,1000,2021.872696
4193.644665,1000,2024.667745
2559.980645,1000,2027.462786
1102.264481,1000,2030.652878
4205.495345,1000,2033.562386
2735.628552,1000,2036.88655
4302.756935,1000,2039.726946
2894.061196,1000,2042.615406
4048.552253,1000,2045.527031
4283.450108,1000,2048.639184
4229.200507,1000,2051.704408
4295.2142,1000,2054.829865
4291.548082,1000,2057.71609
706.889461,1000,2060.487361
2646.012033,1000,2062.628921
4077.93805,1000,2065.432996
4287.842301,1000,2068.358833
4006.930623,1000,2071.693493
4168.184656,1000,2074.53479
4195.245865,1000,2077.387513
4257.546113,1000,2080.68474
4252.371617,1000,2088.582114
4245.326294,1000,2091.855666
4222.229271,1000,2095.249984
4260.051947,1000,2098.71673
4346.152103,1000,2102.701783
4332.869511,1000,2106.083854
4344.078441,1000,2109.845138
4218.227701,1000,2113.459447
2012.510076,1000,2116.738626
4314.109593,1000,2119.851775
4277.470233,1000,2123.01846
4365.037863,1000,2126.535405
2549.457611,1000,2129.960813
4318.281039,1000,2133.625978
4327.891884,1000,2136.633069
519.68328,1000,2139.95122
4273.636033,1000,2142.955536
4270.479508,1000,2145.898672
4178.155015,1000,2148.855522
3778.151009,1000,2151.743767
4220.248257,1000,2154.600263
1827.831216,1000,2157.662231
4308.563927,1000,2160.646585
1231.009422,1000,2163.848228
1792.931415,1000,2166.722198
4234.118305,1000,2174.763617
2031.541687,1000,2177.823487
4317.332716,1000,2180.987202
4397.072653,1000,2183.95563
4298.899497,1000,2187.100542
4362.865994,1000,2190.184533
4151.222232,1000,2193.219075
4370.137578,1000,2196.304988
4328.063469,1000,2199.200929
4111.375189,1000,2202.784174
4331.137674,1000,2205.883328
90.978373,1000,2208.198229
4456.00872,1000,2211.26848
4339.847738,1000,2214.259895
4323.915122,1000,2217.548856
4350.879684,1000,2220.571243
4349.76065,1000,2223.454507
4410.908692,1000,2226.338109
4382.406351,1000,2229.221571
2740.544923,1000,2232.440841
4433.51682,1000,2236.140666
4250.930074,1000,2239.063717
4339.002649,1000,2242.06888
4412.647705,1000,2244.912285
4403.125928,1000,2247.908466
2928.112272,1000,2255.126598
4390.837878,1000,2257.93932
4353.705069,1000,2260.826072
4459.143143,1000,2263.665501
4254.089836,1000,2267.139966
4510.84516,1000,2270.131959
4394.725935,1000,2273.067174
4308.566857,1000,2275.385741
2438.360273,1000,2278.306085
2331.352376,1000,2281.158988
4365.178811,1000,2283.914523
3172.722689,1000,2286.894653
4372.200543,1000,2290.124779
4420.551201,1000,2293.792958
4412.02241,1000,2296.758142
3637.694141,1000,2300.489022
2003.847747,1000,2303.797146
4368.161604,1000,2306.916318
4498.656874,1000,2309.999798
4446.823755,1000,2313.230958
4375.546864,1000,2316.661028
4395.304311,1000,2320.009211
4416.599045,1000,2323.417423
4439.375017,1000,2327.018715
4488.403016,1000,2330.674222
1344.208647,1000,2339.136414
1997.213954,1000,2342.515579
4488.717479,1000,2345.8163
2290.362348,1000,2348.238247
4526.356239,1000,2351.405386
4510.583757,1000,2354.909373
4409.945166,1000,2358.035789
3367.801901,1000,2361.465078
4288.404467,1000,2365.372507
3449.958326,1000,2368.876713
4354.39098,1000,2372.394868
4454.718735,1000,2375.841813
4513.84735,1000,2379.260965
4479.362549,1000,2382.015468
4437.121884,1000,2384.769697
4526.642473,1000,2387.546401
4507.188232,1000,2390.415314
4477.345145,1000,2393.308852
4476.088763,1000,2396.204452
4366.640614,1000,2399.697144
4521.083504,1000,2402.553313
3958.034581,1000,2405.394124
4516.33173,1000,2408.309016
4386.857202,1000,2411.23033
4336.243491,1000,2414.476774
3467.898055,1000,2420.110867
3285.846718,1000,2422.878749
4491.196915,1000,2425.7177
4253.217231,1000,2428.603419
4535.744647,1000,2432.177444
4454.125093,1000,2435.386349
3801.957839,1000,2438.661289
2716.52096,1000,2441.774701
4608.855356,1000,2445.529302
2174.658156,1000,2448.991189
3660.394344,1000,2452.51005
2613.56441,1000,2455.985121
4543.957353,1000,2459.768546
4573.658268,1000,2464.068154
4539.406686,1000,2467.346435
4603.211271,1000,2470.796549
4560.33459,1000,2474.212455
4480.822006,1000,2477.106559
4413.771314,1000,2480.415405
4414.397821,1000,2483.597729
4659.721277,1000,2486.924297
4647.389147,1000,2489.444697
4527.928797,1000,2492.817599
4513.346141,1000,2496.590044
4448.268472,1000,2499.676282
4414.957712,1000,2506.705048
4524.453411,1000,2509.62394
209.79114,1000,2512.504944
4370.403767,1000,2515.276448
4567.848779,1000,2518.232027
4549.098156,1000,2521.101944
4589.756628,1000,2524.148135
4532.711469,1000,2527.252223
4692.919768,1000,2531.0168
4602.78361,1000,2534.380394
4473.683212,1000,2537.151455
-9.337121,1000,2540.024463
4648.516833,1000,2543.009531
115.733454,1000,2545.793639
4670.497088,1000,2548.539382
4529.200151,1000,2551.329175
4541.797809,1000,2554.375455
4657.923859,1000,2556.649578
4614.39217,1000,2559.88637
38.313321,1000,2563.715683
4254.577881,1000,2566.837882
4604.465008,1000,2569.989516
4613.268646,1000,2573.121415
-11.194461,1000,2576.177108
4662.924178,1000,2579.276505
4594.155018,1000,2586.501261
4689.758821,1000,2589.543625
4727.861703,1000,2592.738644
4627.270747,1000,2596.891001
4519.042568,1000,2600.123391
4636.724286,1000,2603.253961
4780.501725,1000,2606.473288
4687.739042,1000,2609.748467
4627.880507,1000,2613.046697
4698.568625,1000,2616.397352
4618.006617,1000,2619.643217
4627.798883,1000,2622.449031
4709.190396,1000,2625.193565
4630.791584,1000,2628.578633
4556.730938,1000,2630.753755
4761.718662,1000,2633.58611
4622.197923,1000,2636.594148
4731.775854,1000,2639.599011
4726.288238,1000,2642.446863
4702.862314,1000,2645.266377
4653.350341,1000,2648.09376
4741.876715,1000,2651.017676
4701.418592,1000,2654.421497
4663.850382,1000,2657.169466
4688.681412,1000,2660.777522
4526.701025,1000,2667.862309
4791.194066,1000,2670.556716
3775.874575,1000,2673.873103
4705.377911,1000,2677.073202
4596.045381,1000,2680.025962
12.232982,1000,2683.428949
4813.886019,1000,2686.681251
4618.4333,1000,2689.646683
4638.333295,1000,2693.490224
3008.45388,1000,2696.885782
4722.316489,1000,2699.421799
4716.869881,1000,2702.734927
18.285937,1000,2706.321678
4752.898804,1000,2709.665288
4748.265659,1000,2712.847329
4771.271241,1000,2715.840335
4574.476648,1000,2718.918522
4789.986561,1000,2722.118311
4713.223235,1000,2725.298795
27.283142,1000,2729.145054
4695.153669,1000,2732.465411
4635.851197,1000,2735.571613
347.942052,1000,2738.906783
4635.15607,1000,2741.822906
4784.207739,1000,2744.691084
4652.380202,1000,2751.476022
4714.022715,1000,2754.36917
2284.106061,1000,2757.129837
4758.224435,1000,2760.605529
4743.541538,1000,2763.424225
4781.023225,1000,2766.418342
4807.064761,1000,2768.593404
4689.878416,1000,2771.639816
4788.206065,1000,2775.045505
4833.825112,1000,2777.88907
2630.411957,1000,2780.925417
802.803126,1000,2784.000369
4819.49165,1000,2787.006359
4897.432797,1000,2790.027841
4762.532233,1000,2793.746149
4827.116103,1000,2796.846828
4863.120644,1000,2800.076994
4723.417717,1000,2803.545375
4909.780344,1000,2807.427476
4732.71008,1000,2811.19279
4768.962287,1000,2814.367795
4883.431576,1000,2817.705081
4643.401165,1000,2821.269873
4706.272877,1000,2825.410545
4802.845192,1000,2828.756538
4667.922937,1000,2836.873837
4953.140725,1000,2840.247343
4894.634818,1000,2843.796877
4831.997489,1000,2846.417891
4750.689667,1000,2849.770655
4787.966035,1000,2853.439585
28.581082,1000,2856.737809
4864.468011,1000,2860.580582
4832.921929,1000,2863.809182
4729.823089,1000,2866.903807
4818.789303,1000,2870.446692
4702.362026,1000,2873.746529
4663.403716,1000,2876.954164
4772.87909,1000,2879.87092
4835.87365,1000,2882.727792
4897.284002,1000,2885.579582
4821.068569,1000,2888.412725
4871.865953,1000,2891.837013
4868.367497,1000,2894.9933
4918.803169,1000,2897.660745
4791.155889,1000,2900.340963
4782.018421,1000,2903.341779
4878.188381,1000,2906.629779
4835.617904,1000,2909.943776
4902.487465,1000,2912.318763
4911.51699,1000,2919.972353
4845.090282,1000,2923.820968
277.109606,1000,2926.712626
4896.985803,1000,2929.821935
4846.408752,1000,2933.03798
4806.629158,1000,2936.302328
4751.222666,1000,2939.545118
4835.547473,1000,2942.809688
4911.973459,1000,2945.871963
4903.31489,1000,2948.960137
4926.760692,1000,2951.813023
4945.020342,1000,2956.155996
4913.17375,1000,2959.109113
4815.583144,1000,2962.442684
3023.904079,1000,2965.873531
4851.659982,1000,2969.182034
4776.695926,1000,2972.43781
4775.99418,1000,2975.651077
4930.443671,1000,2978.889533
4727.769019,1000,2982.148948
4896.548605,1000,2984.643792
4817.012376,1000,2987.971475
5031.674039,1000,2991.95538
4843.176627,1000,2995.347843
4975.662389,1000,2998.786186
4919.101939,1000,3005.931088
4922.870819,1000,3009.295445
4897.395226,1000,3012.992063
4933.279952,1000,3015.748188
5011.939653,1000,3018.58817
4744.370634,1000,3021.952782
4973.092707,1000,3024.753723
5009.906041,1000,3027.715008
5142.558418,1000,3030.55462
5104.084563,1000,3033.652111
4825.059331,1000,3036.671057
4851.506714,1000,3039.598025
5098.265639,1000,3042.626863
4812.999976,1000,3045.903538
4854.150497,1000,3049.270913
4890.932099,1000,3052.4573
4914.197968,1000,3056.144192
4953.752092,1000,3058.511242
4915.876731,1000,3061.554884
4957.908666,1000,3064.619662
4768.821029,1000,3067.657362
4150.399535,1000,3070.788012
5091.493906,1000,3074.24467
4864.426922,1000,3077.313613
4731.090299,1000,3080.485551
4854.923145,1000,3088.670023
1.185207,1000,3091.707913
4830.666646,1000,3094.665162
3627.783922,1000,3098.009798
4841.725879,1000,3101.332276
4951.020594,1000,3104.68235
4876.748815,1000,3107.978728
5107.50441,1000,3111.056243
4862.402528,1000,3113.864395
4938.340542,1000,3116.624477
5057.968908,1000,3119.508363
4807.084556,1000,3122.978557
5060.115384,1000,3125.749342
4939.97314,1000,3127.828588
5006.438444,1000,3130.638505
4998.372198,1000,3133.806162
5136.282056,1000,3136.539745
4986.772619,1000,3139.39501
4868.178006,1000,3142.167042
4897.829046,1000,3145.068788
5100.716011,1000,3147.815813
4978.397482,1000,3150.684833
5155.117456,1000,3154.19639
5075.914601,1000,3157.105729
5054.238681,1000,3160.061937
4961.086599,1000,3167.579208
5039.986104,1000,3170.762063
1368.029628,1000,3173.875455
5024.969874,1000,3177.173583
3290.36233,1000,3180.726665
4981.654954,1000,3184.414695
4860.375152,1000,3188.918217
5137.770453,1000,3192.398784
4779.194424,1000,3195.556286
4933.537286,1000,3198.173847
4942.982836,1000,3201.32587
30.837847,1000,3204.608671
4904.677638,1000,3207.740523
4963.353962,1000,3210.902199
4884.19705,1000,3214.691318
4787.524977,1000,3218.106933
4822.716963,1000,3221.937038
4761.036023,1000,3225.021856
4949.140364,1000,3228.199496
4890.258116,1000,3231.307497
4980.095176,1000,3234.358517
5078.175097,1000,3237.417005
4732.532426,1000,3240.712921
5074.837118,1000,3243.933471
4985.657094,1000,3247.039752
4991.797022,1000,3255.184427
4887.689798,1000,3258.368571
5086.976413,1000,3261.463965
4759.170769,1000,3264.750565
5022.96476,1000,3267.880379
5077.308403,1000,3271.048792
5044.760134,1000,3273.356059
4881.45298,1000,3276.47874
2427.730018,1000,3279.309256
4984.749275,1000,3282.552068
4742.450188,1000,3286.553156
5048.769664,1000,3289.336053
5130.763929,1000,3292.125019
5001.376775,1000,3295.123544
5082.096101,1000,3297.968729
4954.469754,1000,3300.736435
5146.959991,1000,3303.526672
5094.141842,1000,3306.353743
5028.958835,1000,3309.246292
4943.652989,1000,3312.105284
5046.708071,1000,3315.149376
5085.650438,1000,3318.511371
5083.526084,1000,3321.500551
3144.506338,1000,3324.284021
4989.28078,1000,3327.174904
