#{"t_start": 1780237883.336712, "env_id": "Hopper-v4"}
r,l,t
32.595705,38,1.064131
80.165967,90,1.205374
35.218439,47,1.268884
106.711017,79,1.377468
41.632532,38,1.439477
45.941143,74,1.552587
54.999918,56,1.647186
59.75297,70,1.750663
183.949346,155,2.555166
169.137116,141,2.754872
129.312815,102,2.899481
35.78615,39,2.962861
73.306107,69,3.063946
32.601803,41,3.482511
134.258764,104,3.659257
135.273011,116,3.822697
36.169601,34,3.870547
117.799065,87,3.991659
261.059483,144,4.201485
176.0761,141,4.737599
110.946883,83,4.852696
116.779761,83,4.981539
81.035031,52,5.053019
111.51325,73,5.154508
60.780531,62,5.239865
199.95941,123,5.748613
51.701687,47,5.819064
251.701772,158,6.038986
33.340003,34,6.086112
264.708791,151,6.331986
27.360941,27,6.370931
117.66755,80,6.817854
100.840572,66,6.91013
245.921064,128,7.097654
255.849689,134,7.287406
253.277554,131,7.814162
258.732576,136,8.014146
85.117046,54,8.089947
110.426955,71,8.192344
90.739042,59,8.274547
239.052597,128,8.467022
259.464033,138,9.053437
232.604407,111,9.214175
236.63604,114,9.381491
193.888618,102,9.531122
114.511966,71,9.654771
229.046223,109,10.167024
232.990387,114,10.328567
243.718255,121,10.504614
247.011408,125,10.683169
227.029356,112,11.214416
154.552597,79,11.335539
236.288191,114,11.508273
205.83965,101,11.656876
226.491193,111,11.844706
232.879678,113,12.408424
240.420076,121,12.600729
226.485253,115,12.786454
230.990711,107,12.949418
222.51422,107,13.109568
223.604756,107,13.630979
229.711771,108,13.797976
232.769244,110,14.011629
235.529708,114,14.177411
234.210132,111,14.765354
224.198317,104,14.931935
226.664563,105,15.703745
234.776878,115,15.882615
217.083866,98,16.028306
226.788153,105,16.559047
224.823562,106,16.715428
229.334437,109,16.897213
230.510239,108,17.056705
228.074678,108,17.217329
216.746796,96,17.761456
224.779061,104,17.92818
225.37429,104,18.08699
218.085277,97,18.240405
214.909904,95,18.382062
221.939151,101,18.975805
229.908735,109,19.171391
203.208585,99,19.338187
211.450444,101,19.524503
211.367705,101,19.674799
221.706953,99,20.306573
231.421439,110,20.527248
236.966749,116,20.742523
229.661894,109,20.904675
237.73674,116,21.114963
229.939691,110,21.721568
212.53526,92,21.863211
233.082965,113,22.062239
206.078404,96,22.213529
226.680649,103,22.385412
236.739394,114,23.059151
237.036581,115,23.233986
194.23605,88,23.365814
217.427144,97,23.529612
218.011218,95,23.704087
217.40454,100,24.347815
205.131449,101,24.503273
226.50566,104,24.666415
231.345971,110,24.844403
220.066521,101,25.006894
223.619694,102,25.649247
237.507461,115,25.821211
239.832693,120,26.003254
231.264988,110,26.178423
248.740805,130,26.819124
227.52684,110,26.985369
233.866135,116,27.207244
233.691574,115,27.427047
244.032782,124,28.115542
236.001729,115,28.300192
236.1808,112,28.496667
234.983661,113,28.695874
240.839432,122,28.901821
225.090397,105,29.502588
256.481651,135,29.762774
234.556783,112,29.965789
248.107182,128,30.172913
232.435906,111,30.771415
252.203011,132,30.983397
247.645128,127,31.212298
233.278347,112,31.404873
247.885004,127,32.10071
248.304753,128,32.30999
232.101668,113,32.487836
215.216992,107,32.682918
257.294267,136,32.891157
246.401669,126,33.530734
251.402708,129,33.727449
231.116705,109,33.895321
250.64595,132,34.092957
247.363817,129,34.711966
249.2921,127,34.900221
239.664157,119,35.075885
244.986308,125,35.261909
240.914471,122,35.922788
247.857919,127,36.110367
252.174318,131,36.302845
247.243059,127,36.50524
258.474428,139,37.188673
243.567085,126,37.389927
247.081165,126,37.619698
246.919994,125,38.012557
259.139512,138,38.71807
275.679285,155,38.937533
270.423049,151,39.166264
254.575388,134,39.810535
262.431474,143,40.007933
236.067654,117,40.177627
253.546863,133,40.384182
242.346509,123,40.966964
275.287126,155,41.188302
267.668823,149,41.402862
274.25842,155,41.620269
282.862326,160,42.291035
247.760337,128,42.482167
267.674092,146,42.689858
291.364046,171,43.35468
247.377415,127,43.571931
280.119109,159,43.824328
254.658374,132,44.014771
299.957371,179,44.740656
78.853141,72,44.843765
117.311472,94,44.980723
66.125579,63,45.077063
89.890325,76,45.22472
63.753992,57,45.74479
286.196883,164,46.017696
58.776665,52,46.097099
272.649615,150,46.35594
278.202477,156,47.143389
104.835734,87,47.275047
105.656648,84,47.399298
271.245659,150,47.637397
118.992096,92,47.780137
268.730097,148,49.085196
246.413154,129,49.286577
250.460946,129,49.5061
263.108559,141,49.735717
277.18031,156,50.437257
287.751398,166,50.717674
248.688657,128,50.934758
277.129264,157,51.622479
268.962257,147,51.842887
269.923093,149,52.07533
264.977228,144,52.303362
275.471389,155,52.961152
264.634364,144,53.179951
220.130082,99,53.330719
269.525361,149,53.944517
266.24797,145,54.163484
237.301973,118,54.34302
266.528311,146,54.56028
263.540001,145,55.196851
246.044183,125,55.378057
293.399652,175,55.634442
294.109793,173,56.321765
290.80644,171,56.608434
279.472746,159,56.866141
270.210917,150,57.110014
286.793007,167,57.816159
237.929592,119,58.017046
267.640942,149,58.260561
289.388186,170,58.991776
305.631706,186,59.27208
224.274595,107,59.449231
244.427999,125,59.641967
303.297582,184,60.39535
288.377507,169,60.692111
218.718129,99,60.846009
292.294755,173,61.605572
306.278353,185,61.890476
260.141152,140,62.948554
241.926582,124,63.616341
233.162462,112,63.803025
279.461445,159,64.074271
274.446421,154,64.303365
309.569815,189,65.047687
280.770166,160,65.351937
287.903317,167,65.640314
395.585558,275,66.494797
360.938364,240,66.924377
407.676575,289,67.798996
452.614629,334,68.785496
430.136652,313,69.314155
418.862569,301,70.281814
370.575717,252,70.66619
266.117064,233,71.513048
359.995098,327,72.048649
1083.008696,962,74.63856
917.352016,884,76.997763
271.487991,241,77.45265
324.189743,298,78.375431
243.030689,215,78.739099
455.14505,426,79.88313
270.283878,244,81.34102
248.800238,219,81.689818
248.653707,217,82.520414
425.994094,392,83.167369
1034.652414,1000,85.619644
204.888984,180,86.398315
269.393858,242,86.816251
211.88962,181,87.609069
249.227651,135,87.855131
385.726952,352,88.804826
817.545984,787,90.605516
22.880317,30,90.648511
21.320726,29,90.690695
26.037337,32,90.740278
26.640291,31,90.787102
33.679373,37,90.841002
36.675808,38,90.896625
31.226036,36,90.948472
15.003435,22,91.401871
13.537156,21,91.439518
14.538854,21,91.472784
27.257281,31,91.527864
17.602122,24,91.577686
14.870029,22,91.616843
27.831679,30,91.668392
30.599894,33,91.72252
14.614019,22,91.777006
13.624415,20,91.815439
20.080286,28,91.860215
15.995053,23,91.893317
12.699441,20,91.927413
16.136118,22,91.981686
15.378299,22,92.036346
14.144145,23,92.088056
25.199058,27,92.127251
21.73224,26,92.164689
12.9299,20,92.19312
14.674404,21,92.226196
19.717876,26,92.263469
17.433104,24,92.740387
27.252328,29,92.785036
23.127208,28,92.825545
19.81441,25,92.861056
27.973435,29,92.932623
22.147716,27,92.974286
19.531471,25,93.017405
26.193395,28,93.076042
19.596733,26,93.123623
16.921465,24,93.16252
19.044797,26,93.204701
26.263436,30,93.266264
23.088121,28,93.326583
13.738289,21,93.358074
16.82603,24,93.393424
16.406405,25,93.4286
18.337326,26,93.478368
20.720622,26,93.517125
14.497884,20,93.562889
22.105906,27,93.629257
23.324844,28,94.131558
28.116002,28,94.174104
18.196435,25,94.209494
18.650719,26,94.247071
22.297987,28,94.287758
28.058529,29,94.343208
17.813299,25,94.381745
28.826724,31,94.427561
22.661462,26,94.464744
30.225999,31,94.509259
15.315072,22,94.541095
20.639752,27,94.601632
25.433066,29,94.660272
21.12227,25,94.705773
19.141312,25,94.743989
25.345427,29,94.787755
22.055759,29,94.829841
22.645705,26,94.86764
15.429282,22,94.900541
27.877768,28,95.372391
13.178835,21,95.404023
20.211392,28,95.453607
22.275895,27,95.493645
18.870982,25,95.529889
14.115235,23,95.562649
17.996562,25,95.598821
19.097428,25,95.635832
18.38654,25,95.673151
21.422177,26,95.718344
16.3498,21,95.756761
15.931706,22,95.789828
16.306644,22,95.822453
16.843367,25,95.858718
14.705405,22,95.890367
14.577799,22,95.922277
20.302065,26,95.964
19.312629,25,95.999636
16.413258,24,96.046223
12.934994,22,96.100192
21.306984,26,96.147746
19.19878,25,96.620279
32.494282,33,96.669637
19.478936,24,96.704107
22.070001,26,96.743662
17.637459,23,96.777158
15.605822,21,96.807298
21.058826,26,96.845039
14.519419,22,96.877426
15.808579,23,96.915758
19.53387,28,96.980148
19.445533,25,97.017884
22.967596,28,97.060756
14.857796,24,97.097728
17.883885,25,97.135887
21.834943,25,97.258126
22.388117,26,97.297557
22.780499,29,97.475406
18.954911,24,97.555259
23.523994,28,97.608142
22.991294,28,97.658623
31.043275,31,98.172035
26.452325,28,98.220381
24.74942,27,98.262156
21.706726,28,98.321843
25.727599,32,98.366225
18.47693,25,98.400876
20.070427,26,98.454
17.152986,24,98.486742
19.014355,27,98.538188
22.490377,28,98.58291
31.588399,34,98.631181
16.305514,23,98.661694
26.808787,29,98.699938
22.984739,29,98.740017
26.176137,29,98.780466
20.751065,27,98.831382
35.761935,36,98.879148
30.836407,30,98.940051
28.871446,33,99.389057
17.073762,24,99.422826
22.182695,25,99.456942
15.497233,21,99.485
20.576324,25,99.518059
26.010583,27,99.553284
30.657342,31,99.608533
19.871077,24,99.64807
27.785522,28,99.706318
23.507147,25,99.746977
33.56381,32,99.789071
23.123135,26,99.832889
20.780703,25,99.866552
20.789834,28,99.908316
42.396845,38,99.973768
25.876494,29,100.026992
16.640371,23,100.059976
14.730257,22,100.091282
23.865282,28,100.130996
20.691188,26,100.541919
23.055182,28,100.605081
22.148034,28,100.649085
29.385679,30,100.692056
26.2257,30,100.734789
22.778443,29,100.775587
27.26551,29,100.818531
20.740406,28,100.856054
32.710618,32,100.897864
23.820696,31,100.952101
29.995514,32,101.02141
27.956359,31,101.062879
25.676337,28,101.101916
24.859464,30,101.152596
26.126861,28,101.211244
17.62854,24,101.244824
23.9619,29,101.302317
22.934383,28,101.731443
27.364763,30,101.795342
36.343114,34,101.843998
35.014895,31,101.895732
47.592237,36,101.965174
28.847529,31,102.007415
39.298093,33,102.061643
28.819174,30,102.129949
27.841903,29,102.195047
31.534,31,102.237795
26.532203,29,102.276801
27.730454,31,102.318542
26.968186,28,102.375506
38.526429,32,102.448937
36.242014,32,102.496861
37.578504,35,102.54458
33.075671,34,103.013398
31.853615,32,103.059597
30.916505,29,103.115038
39.71566,35,103.174652
34.806535,33,103.246838
32.545492,31,103.315174
27.151214,29,103.357213
40.960044,33,103.412465
35.9747,32,103.466857
42.213909,35,103.51604
57.778757,40,103.572824
32.16647,31,103.615446
31.419193,29,103.655016
37.278115,32,103.69889
25.817199,30,103.742095
30.381617,31,103.785763
43.885545,36,104.274108
43.926447,35,104.337161
35.36456,32,104.390671
38.445303,33,104.437097
28.239248,30,104.479065
39.589408,33,104.526158
31.366509,30,104.589817
31.031093,32,104.640172
37.895195,33,104.686872
48.331797,40,104.747753
45.662075,36,104.800648
37.985096,33,104.848372
32.323893,31,104.895817
32.739889,31,104.957851
35.527377,31,105.016803
33.183066,30,105.089518
30.267207,30,105.57865
35.928348,34,105.630506
71.870574,46,105.698186
36.450084,32,105.754568
46.427215,34,105.812193
32.367314,31,105.87162
293.124509,151,106.203087
39.681777,33,106.267727
23.898099,27,106.307139
29.648586,30,106.354327
48.313426,36,106.408002
44.240738,37,106.463217
40.444348,32,106.950286
34.110486,31,106.999656
298.863782,170,107.270518
39.865766,34,107.343667
37.726941,32,107.4098
36.59071,31,107.457198
45.780491,34,107.509951
44.144782,34,107.56477
50.73233,37,107.61958
43.451668,34,107.671926
39.270055,32,107.720509
68.317585,44,108.218676
345.108059,209,108.53322
29.246227,29,108.577076
246.415369,146,108.795106
43.862843,36,108.850144
58.883178,40,108.914722
358.917392,219,109.750186
56.592276,40,109.837392
613.888495,585,111.249723
1038.843886,1000,114.495349
374.698407,351,115.549165
1038.654869,1000,118.060992
1034.422064,1000,120.720015
1028.914625,1000,123.197541
1032.925963,1000,125.479156
1032.771558,1000,128.62352
32.443642,26,128.665703
19.0399,18,128.691115
106.103957,82,128.808189
1023.156978,1000,131.013316
1011.691662,1000,133.47266
19.494868,18,133.507115
14.974592,15,133.528901
13.875861,14,133.549392
17.913243,17,133.573648
15.006933,15,133.594577
26.390483,22,133.626413
13.7246,14,133.646372
16.754708,16,133.669407
20.835272,19,133.697023
1012.24084,1000,136.25702
16.414223,16,136.280765
498.163145,485,137.484405
16.478346,16,137.509247
196.61723,181,137.790893
19.156867,18,137.816416
239.138048,229,138.603348
21.962433,20,138.635831
16.726909,16,138.659218
55.449828,43,138.720994
170.607789,155,138.985373
1014.43475,1000,141.548283
1018.513043,1000,143.97055
1020.382504,1000,146.307725
1022.962504,1000,149.448778
1023.595276,1000,151.756945
1020.137253,1000,153.994954
1032.393553,1000,156.359699
1021.2399,1000,159.020522
1022.006821,1000,161.246826
1024.597327,1000,163.610311
1020.232045,1000,165.857887
1021.110966,1000,168.31597
1027.239865,1000,170.543652
1024.28001,1000,172.792595
1026.89135,1000,175.273365
1021.312239,1000,177.234584
1021.754638,1000,180.493004
1022.073973,1000,183.141587
1025.244765,1000,185.874623
1027.491944,1000,188.533367
1028.421924,1000,196.173944
1032.069825,1000,198.642742
1033.791548,1000,201.048349
1033.329825,1000,203.468385
1033.116166,1000,205.961871
1028.630687,1000,208.452752
1026.306809,1000,211.058959
1025.161843,1000,214.275075
1037.226219,1000,216.846176
1035.628194,1000,219.471988
1037.029659,1000,221.832434
1035.909363,1000,224.116665
1041.6334,1000,226.61137
1032.543731,1000,229.209103
1038.638502,1000,231.668582
1038.871683,1000,234.420093
1031.641432,1000,236.640696
1032.955773,1000,239.400526
1033.038571,1000,242.078683
1037.566922,1000,244.946183
1038.429342,1000,248.164464
1040.349563,1000,250.751957
1042.329508,1000,253.07125
1039.120679,1000,255.574575
1040.952073,1000,257.990514
1042.19382,1000,264.935994
1046.032226,1000,267.304291
1046.828649,1000,269.902193
1043.219024,1000,272.478513
1044.992741,1000,275.033726
1047.12065,1000,277.730053
1044.171116,1000,280.66751
1048.519044,1000,282.884682
1048.904141,1000,285.126751
1049.701349,1000,287.443701
1047.701712,1000,289.727963
1050.474058,1000,291.975042
1051.95633,1000,293.990217
1063.017564,1000,296.358941
1062.597715,1000,298.605938
562.999968,458,299.728667
604.561143,522,300.963597
681.202756,542,302.119088
882.213025,717,304.033089
936.121633,767,305.643335
1059.570438,892,307.893531
728.403594,591,309.353654
790.276605,633,311.489575
1057.828335,1000,314.088163
1057.885398,1000,316.621991
966.088523,803,318.774858
1003.148077,840,320.987988
1153.56288,995,322.997625
1053.795688,1000,330.019014
1050.325878,1000,332.571358
313.653932,288,333.415605
194.433809,170,333.669654
171.625024,149,334.264331
1055.746715,1000,336.629155
1055.854327,1000,338.934986
162.341704,140,339.561878
106.085294,87,339.680286
115.817395,93,339.824187
1054.914603,1000,342.14484
1055.992682,1000,344.981226
1054.381404,1000,347.198868
803.98403,646,348.504726
726.998692,625,349.775331
1048.303692,938,351.90286
786.637711,664,353.546847
1057.564717,1000,356.002217
1058.464023,1000,358.165243
1051.713811,1000,360.738267
1051.200791,1000,363.14626
1047.342972,1000,365.459324
1050.226756,1000,367.659363
1051.049287,1000,369.905313
1050.89096,1000,372.339249
1049.521082,1000,374.771963
1047.519238,1000,377.81304
1048.596347,1000,380.22772
1046.476314,1000,382.591158
1046.181645,1000,384.955161
1048.911958,1000,387.172384
1047.429249,1000,393.917655
1049.869063,1000,396.433375
1048.884577,1000,399.170359
1046.114808,1000,401.345238
1046.65116,1000,403.55474
1044.943277,1000,405.839446
1048.659591,1000,408.176543
1046.204865,1000,411.262924
1046.393083,1000,413.183629
1046.018867,1000,415.504645
1045.525661,1000,417.696847
1044.559837,1000,419.973733
1044.934749,1000,422.590092
1046.364171,1000,424.954959
1043.623818,1000,427.519857
1044.649449,1000,430.076585
1044.979452,1000,432.592093
1043.251278,1000,435.261868
1042.761462,1000,437.883314
1044.969485,1000,440.423667
1046.342972,1000,443.749434
1048.656484,1000,446.239393
1047.585259,1000,448.920201
1050.779819,1000,451.336552
1049.131744,1000,453.944943
1049.304256,1000,461.430782
1049.496754,1000,463.852873
1048.721251,1000,466.378234
1049.342222,1000,469.066918
1049.136742,1000,470.980913
1048.591579,1000,473.401779
1047.331107,1000,476.571261
1046.788482,1000,479.415234
1045.299236,1000,482.10288
1049.946876,1000,484.762595
1048.293497,1000,487.24388
1048.538484,1000,489.744802
1051.426435,1000,492.207144
1048.38666,1000,494.672098
1048.78893,1000,497.083229
1047.779054,1000,499.568151
1048.703401,1000,502.089829
1046.256239,1000,504.59613
1047.150692,1000,507.115948
1047.735415,1000,510.407161
1048.875514,1000,512.968124
1048.022603,1000,515.491981
1047.308474,1000,518.123159
1047.618725,1000,520.383494
1046.208514,1000,522.575596
1046.898661,1000,529.079495
1045.831164,1000,531.042153
1044.806066,1000,533.293079
1045.840486,1000,535.532062
1047.374934,1000,537.757832
1047.683215,1000,539.926469
1045.476507,1000,542.883696
1045.90401,1000,545.42244
1045.8285,1000,548.264071
1045.523146,1000,550.927341
1047.421136,1000,553.730857
1046.742432,1000,556.642983
1047.165718,1000,559.414494
573.041724,525,560.801578
861.567762,815,563.367232
1047.238819,1000,566.07638
1046.171757,1000,568.432687
1046.363972,1000,571.314214
1045.223898,1000,574.883321
1048.917062,1000,577.28405
1048.925553,1000,580.011348
1047.670167,1000,582.680987
1046.341188,1000,585.132328
1046.995122,1000,587.909393
1045.558304,1000,590.522617
1046.167736,1000,593.101947
1046.162077,1000,597.961563
847.338458,797,600.165665
232.391887,188,600.458157
1044.788226,1000,603.127779
1043.722737,1000,605.712251
1045.377804,1000,608.849637
1044.337381,1000,611.262178
1044.286666,1000,613.582507
1045.222923,1000,615.880156
1047.255924,1000,618.279717
1045.563691,1000,620.592542
1046.157808,1000,622.594251
1048.82909,1000,624.969665
1051.370785,1000,627.224061
1050.269344,1000,629.52251
1050.497678,1000,631.827038
1053.626522,1000,634.268234
807.882449,738,636.289646
1054.169891,1000,638.915884
518.319179,464,639.92582
1048.453636,1000,642.873747
1048.118068,1000,644.679582
1053.297454,1000,647.031792
1049.463674,1000,649.321849
1055.682977,961,651.800923
1047.484549,1000,654.216564
1047.099606,1000,656.564888
1047.320235,1000,663.289506
1047.260158,1000,665.700389
1045.976636,1000,668.118391
1052.791947,1000,670.37253
1045.303191,1000,672.61308
1046.845799,1000,675.522738
1043.924024,1000,677.786986
1045.337949,1000,680.06774
1044.437828,1000,682.304682
1046.134757,1000,684.673505
1046.73125,1000,687.163706
1042.899044,1000,689.600099
1043.643039,1000,692.009409
1043.315097,1000,694.440198
1043.7731,1000,696.44119
1043.968338,1000,699.269094
1042.935913,1000,701.638171
1042.748242,1000,703.99952
1041.835827,1000,707.080757
1042.225957,1000,709.468776
1041.22709,1000,711.884513
1040.063338,1000,714.352681
1041.997104,1000,716.97337
1041.283814,1000,719.561617
1042.761028,1000,722.083355
1040.649362,1000,728.720416
1040.827136,1000,731.069749
1040.876083,1000,733.434026
1040.308424,1000,735.845078
1041.460541,1000,738.078955
1039.713666,1000,741.039968
1039.527659,1000,743.260555
1039.925789,1000,745.441102
1040.530929,1000,747.807726
1041.22225,1000,750.35879
1039.055871,1000,752.303705
1039.181818,1000,754.536506
1042.098953,1000,756.988464
1040.462532,1000,759.749789
1040.060044,1000,762.061976
1040.95594,1000,764.469874
1039.275163,1000,766.751502
1040.384743,1000,768.968937
1040.370036,1000,771.314048
1039.929944,1000,774.49369
1039.745073,1000,776.976197
1040.799164,1000,779.353431
1040.501547,1000,781.585951
1039.589996,1000,783.780743
1040.87196,1000,786.295084
1040.704744,1000,793.833683
1038.771663,1000,796.620028
1038.33179,1000,799.049721
1041.628185,1000,801.518307
1039.556158,1000,804.152833
1039.107433,1000,807.570963
1038.174218,1000,809.697597
1037.569659,1000,812.363043
1039.511137,1000,814.981721
1040.097511,1000,817.307508
1038.930572,1000,820.053571
1039.238169,1000,822.384035
1038.790316,1000,824.774524
1038.893571,1000,827.240131
1041.963136,1000,829.839081
1039.19909,1000,832.252318
1038.393648,1000,834.690293
1037.918157,1000,837.256039
1040.172189,1000,840.253782
1040.402116,1000,842.589865
1039.46305,1000,844.918077
1039.008579,1000,847.208678
1038.97053,1000,849.508662
1039.965505,1000,851.759267
1040.028594,1000,853.975349
1038.528031,1000,860.623536
1040.163423,1000,863.012725
1038.633457,1000,865.289428
1038.024924,1000,867.137989
1039.443219,1000,869.462957
1039.200318,1000,872.445248
1038.447633,1000,874.780574
1041.092174,1000,877.110967
1041.360161,1000,879.92425
1039.708253,1000,882.082406
1039.017481,1000,884.230593
1039.922403,1000,886.504744
1039.237768,1000,888.872969
1038.779479,1000,891.228377
1039.704091,1000,893.567513
670.514497,514,894.745591
1038.957747,1000,897.041398
627.130383,449,898.154191
1075.093679,1000,900.451916
1037.501879,1000,902.720088
1038.345615,1000,905.746255
1056.520735,1000,908.387908
1037.652216,1000,910.882525
1038.071811,1000,912.92299
1035.260207,1000,915.505692
1033.790475,1000,917.852487
1034.677345,1000,925.107429
1035.358173,1000,927.716486
1035.11483,1000,930.508757
1035.78892,1000,933.12985
1037.525707,1000,935.912525
1036.373404,1000,939.530718
1036.155773,1000,941.934869
1034.225328,1000,944.387232
1036.711811,1000,946.986938
1039.708911,1000,949.969774
857.815131,680,951.781484
855.809955,703,953.966893
513.381865,363,954.647125
562.659158,417,955.809664
470.522394,334,956.829056
608.41819,467,958.037869
445.504244,302,958.5416
658.468381,514,959.841819
1041.174194,1000,962.511213
1037.73442,1000,965.110575
1038.534889,1000,967.352391
1038.047968,1000,970.295907
1038.418225,1000,972.700674
1039.681293,1000,975.07658
1046.25648,1000,977.346309
843.969865,686,978.786264
587.156021,419,979.82333
1038.534746,1000,982.194361
1050.324188,1000,984.614047
1040.830339,1000,987.001592
1038.440123,1000,993.979033
1039.840875,1000,996.241478
1038.006964,1000,998.973495
1038.924274,1000,1001.101227
1037.325844,1000,1004.012829
1039.220888,1000,1006.392422
1037.459598,1000,1008.748516
1037.201385,1000,1011.07213
1038.471052,1000,1013.461578
1038.161675,1000,1015.831814
1039.053829,1000,1017.859827
1038.188825,1000,1020.265908
1035.808697,1000,1022.952161
1037.566337,1000,1025.621333
1035.887648,1000,1027.957874
1036.253098,1000,1030.192074
1037.213768,1000,1032.44468
1037.716967,1000,1034.671827
1037.38955,1000,1037.494574
1037.44944,1000,1039.697503
1035.834153,1000,1041.894422
1038.092247,1000,1044.094788
1038.759595,1000,1046.224693
1037.505598,1000,1048.374305
1036.365921,1000,1050.534
1038.320049,1000,1057.087463
1038.032933,1000,1059.748136
1035.915584,1000,1062.006798
1036.479675,1000,1064.227458
1036.545792,1000,1066.4445
1037.243577,1000,1069.431977
1039.072442,1000,1071.663133
1037.31201,1000,1073.560575
1038.87982,1000,1075.857276
1038.867165,1000,1078.223789
1038.163504,1000,1080.661761
1037.854632,1000,1083.142193
1037.730636,1000,1085.56031
1038.094231,1000,1087.987031
1038.992547,1000,1090.219218
1038.208008,1000,1092.408034
1039.122951,1000,1094.596475
1038.690493,1000,1096.88423
1038.942503,1000,1099.172724
1036.54697,1000,1102.209368
1036.595939,1000,1104.668576
1036.109003,1000,1107.137079
1035.51028,1000,1109.593882
1037.314703,1000,1112.152015
1035.882024,1000,1114.554714
1037.127357,1000,1121.647633
1034.912768,1000,1123.752441
1035.680827,1000,1125.922264
1036.246996,1000,1127.802098
1034.074628,1000,1130.261564
1034.77054,1000,1132.718952
1036.782726,1000,1135.892636
1035.666942,1000,1138.382565
1034.655985,1000,1140.879048
1037.764496,1000,1143.293566
1039.407826,1000,1145.675806
1036.294219,1000,1147.981647
1035.911366,1000,1150.412745
1037.359467,1000,1153.063627
1039.667444,1000,1155.527297
1038.68812,1000,1157.962574
1038.374705,1000,1160.371582
1038.761568,1000,1163.061501
1039.699788,1000,1165.446985
1043.653629,1000,1168.692496
441.494122,267,1169.143714
433.641791,260,1169.965138
389.755279,218,1170.343841
1043.315489,1000,1172.971168
405.423598,243,1173.827777
451.053775,287,1174.34582
363.925591,198,1175.032008
1041.276119,1000,1177.605829
408.677417,251,1177.969066
1039.350266,1000,1180.704564
1037.632591,1000,1185.410585
1040.507497,1000,1187.785248
1040.243775,1000,1190.216316
1042.61137,1000,1192.554119
1046.553643,1000,1194.902316
1045.041791,1000,1197.289422
1048.333734,1000,1200.525182
361.716414,222,1200.876776
1049.006644,1000,1203.246551
1046.102297,1000,1205.602997
440.800416,304,1206.545607
1046.287665,1000,1209.14344
486.242627,326,1209.69009
1046.844812,1000,1212.218803
1038.396136,1000,1214.731059
1038.446448,1000,1217.225271
1045.22749,1000,1219.67952
382.028069,212,1220.019309
437.14352,272,1220.867101
516.149755,347,1221.770221
1045.180983,1000,1224.056803
947.250343,893,1225.792971
1060.148534,1000,1228.251884
350.996812,178,1229.018507
1045.548526,1000,1231.555672
335.434847,162,1231.801022
420.485516,248,1232.169155
340.270065,169,1233.622131
103.525196,64,1233.730172
104.061021,62,1233.837639
85.29045,52,1233.91421
1046.310096,1000,1236.171211
350.970044,180,1236.458396
871.639759,701,1238.538175
1045.972814,1000,1240.724686
1041.738854,1000,1242.795269
401.155831,230,1243.123688
427.959647,256,1243.838837
448.894639,278,1244.224534
397.368453,226,1244.927562
1056.574594,1000,1247.708839
667.244161,498,1248.846661
350.580003,181,1249.44184
333.088543,163,1249.685663
401.001749,230,1250.39466
1049.222881,1000,1252.5917
442.515447,270,1253.014125
1044.986161,1000,1255.213845
1041.690583,1000,1257.445938
386.937416,216,1257.780578
1046.046052,1000,1260.003826
401.772784,229,1260.699257
1040.753914,1000,1262.907604
1041.797717,1000,1265.398123
463.292516,293,1266.637868
815.324529,647,1268.674918
1039.975929,1000,1271.041815
1038.203652,1000,1273.842489
421.982865,253,1274.725455
662.682512,494,1276.183467
423.642002,256,1276.69914
407.737951,238,1277.656484
631.63107,461,1279.044286
1037.693452,1000,1282.084877
1036.819422,1000,1284.67377
1038.104511,1000,1287.027453
1035.447187,1000,1289.675888
1040.747527,1000,1292.246434
1036.986125,1000,1294.218088
1035.311822,1000,1296.852434
1035.290482,1000,1300.231846
452.147616,280,1301.083622
1034.649165,1000,1303.521988
1034.16823,1000,1306.237552
1034.379972,1000,1308.863276
1034.047049,1000,1317.019304
1034.372728,1000,1320.014821
1033.425472,1000,1322.723701
1037.178274,1000,1325.335523
1035.112419,1000,1327.652074
1032.451881,1000,1330.152281
1034.072785,1000,1332.833099
1033.861588,1000,1335.19754
394.775117,219,1335.979934
1034.40456,1000,1338.375378
1032.111209,1000,1340.830677
1032.281518,1000,1343.363608
1033.905739,1000,1345.656788
1031.102295,1000,1347.923708
1030.680337,1000,1350.391597
1030.93746,1000,1352.711833
1031.204871,1000,1354.614775
1030.338943,1000,1356.764982
1029.835587,1000,1359.253155
1029.423603,1000,1361.431039
1030.000996,1000,1363.791249
1029.631344,1000,1367.047393
1029.41602,1000,1369.469751
1029.475224,1000,1371.881583
1029.712027,1000,1374.304403
1029.426973,1000,1376.650985
1029.029114,1000,1383.500309
1028.78683,1000,1385.915372
1028.579983,1000,1388.242883
1027.915167,1000,1390.580192
1027.759382,1000,1393.015913
1027.256159,1000,1395.467555
1026.288372,1000,1398.633014
1026.602361,1000,1401.268961
1026.905888,1000,1403.817615
1027.188908,1000,1406.312726
1027.88022,1000,1408.736637
1027.67122,1000,1410.649794
1029.367456,1000,1413.101984
1027.936268,1000,1415.485037
1027.920351,1000,1418.257931
1025.530375,1000,1420.654845
1026.968143,1000,1422.884971
1026.408901,1000,1425.195738
1025.6215,1000,1427.573697
1027.191929,1000,1429.871313
1027.490291,1000,1432.796496
1026.850526,1000,1435.171452
1027.205355,1000,1437.675578
1026.758894,1000,1440.058311
1026.431021,1000,1442.484933
1026.008306,1000,1449.333204
1025.702568,1000,1451.678206
1026.979425,1000,1453.879291
1028.795606,1000,1456.305699
1025.070464,1000,1458.837784
1026.695088,1000,1461.107799
1024.977759,1000,1464.024487
1026.236959,1000,1465.971281
1025.947915,1000,1468.29948
1027.180467,1000,1470.579117
1026.488728,1000,1472.860197
1028.099206,1000,1475.026878
1030.731673,1000,1477.211998
1026.537356,1000,1480.038895
1026.033362,1000,1482.485445
413.401798,245,1483.314714
1025.889368,1000,1485.61067
1026.689161,1000,1487.836874
1026.38532,1000,1490.127629
1027.772934,1000,1492.038289
1027.726897,1000,1494.260278
1025.076617,1000,1497.170645
1025.647152,1000,1499.445315
1030.118587,1000,1501.753935
1027.283343,1000,1504.068323
1023.975201,1000,1506.569416
1026.321377,1000,1514.054259
1024.72637,1000,1516.629554
1029.684026,1000,1519.399636
1026.861857,1000,1522.115298
1025.691286,1000,1524.659264
1024.810218,1000,1527.314154
1023.630244,1000,1530.607699
1023.720355,1000,1533.249248
1023.840532,1000,1535.670351
1024.802186,1000,1538.129899
1023.82467,1000,1541.076168
1024.270906,1000,1543.599399
1024.501733,1000,1545.996264
1024.030291,1000,1548.200851
1022.970989,1000,1550.156661
1024.518191,1000,1552.487812
1025.093651,1000,1554.897558
1023.693438,1000,1557.214801
1024.304729,1000,1559.568849
1023.723872,1000,1562.800689
1023.457143,1000,1565.127954
1023.343816,1000,1567.410117
1023.929771,1000,1569.559717
1023.289994,1000,1571.795023
1024.544471,1000,1573.990101
1024.646286,1000,1580.592643
1024.2212,1000,1582.80708
1023.962432,1000,1584.939344
1023.994159,1000,1587.140517
1024.857997,1000,1589.33643
1025.527032,1000,1591.56967
1025.259247,1000,1593.787212
1025.919071,1000,1596.564047
1025.334139,1000,1599.258887
1024.401573,1000,1601.33416
1025.737974,1000,1603.111865
1026.381036,1000,1605.236228
1023.479698,1000,1607.44675
1027.163205,1000,1609.58376
1024.572535,1000,1611.749679
1022.966147,1000,1613.957081
1024.929471,1000,1616.082153
1024.220557,1000,1618.239339
1024.986806,1000,1620.449524
1024.698477,1000,1622.748384
1024.664186,1000,1625.239617
1022.849632,1000,1628.448172
1027.304937,1000,1630.845083
1025.635071,1000,1633.17705
1023.566019,1000,1635.733488
1024.267561,1000,1643.058679
1024.460481,1000,1645.573375
1023.882392,1000,1648.295398
1024.032863,1000,1650.77691
1023.973259,1000,1653.252027
1024.885595,1000,1655.78589
1023.37342,1000,1658.727647
1024.784564,1000,1660.56659
1023.758339,1000,1663.619848
1024.937633,1000,1666.081676
1025.219662,1000,1668.774558
650.686107,612,1670.717771
923.877217,878,1672.877044
1044.651314,994,1675.657749
1026.773904,1000,1678.13687
1022.465746,1000,1680.742419
1020.425645,1000,1683.401855
1021.27244,1000,1685.797729
1019.023293,1000,1688.194754
1017.184039,1000,1690.61233
1017.050027,1000,1693.043797
1015.524075,1000,1696.176146
1015.187878,1000,1698.682269
1014.712944,1000,1701.044624
1012.972221,1000,1703.468955
1010.03548,1000,1710.252841
1008.750906,1000,1712.571144
1009.687064,1000,1714.941971
1007.03018,1000,1716.818559
1004.482046,1000,1719.473116
1007.094661,1000,1721.644781
1003.928327,1000,1723.894819
1004.296166,1000,1726.413106
1005.458879,1000,1729.779634
1004.868274,1000,1732.49585
1004.093211,1000,1735.18401
1003.033686,1000,1737.822682
1004.133,1000,1740.25089
1002.465304,1000,1742.546373
1003.289798,1000,1744.81059
1002.482783,1000,1747.306917
1001.6101,1000,1749.879094
1002.488315,1000,1752.225391
1002.746152,1000,1754.487997
1003.126411,1000,1756.72982
1001.533421,1000,1759.010767
1001.544527,1000,1762.03261
1002.289548,1000,1764.39121
1001.171032,1000,1766.732541
1003.526055,1000,1768.642942
1001.800389,1000,1775.233299
1001.524256,1000,1777.780769
1002.18577,1000,1780.421042
1000.96426,1000,1782.777856
1002.104513,1000,1785.116982
1000.880411,1000,1787.404575
1003.050118,1000,1789.748853
1000.346167,1000,1792.067977
1001.341599,1000,1795.17295
1000.062843,1000,1797.504233
999.093779,1000,1799.856254
999.477959,1000,1802.180796
999.198774,1000,1804.56981
1000.67304,1000,1806.982373
999.600924,1000,1809.510306
998.851692,1000,1812.216799
999.247003,1000,1814.68044
999.584236,1000,1817.06077
999.587328,1000,1819.477376
999.281779,1000,1821.913683
998.920888,1000,1824.044125
998.839743,1000,1827.27896
999.917489,1000,1829.640372
999.237429,1000,1832.153103
998.524168,1000,1834.677515
999.354392,1000,1841.691643
999.849825,1000,1844.135057
1000.404542,1000,1846.758409
998.6361,1000,1849.434516
999.749989,1000,1851.876034
997.509533,1000,1854.098021
998.543332,1000,1856.370474
998.687473,1000,1859.57737
998.391128,1000,1862.147778
998.051198,1000,1864.681391
998.629068,1000,1867.365142
999.455877,1000,1870.122893
997.627586,1000,1872.888655
997.673203,1000,1875.494538
997.037886,1000,1878.235554
996.603251,1000,1880.744196
998.158125,1000,1883.439579
996.162196,1000,1885.702237
997.821237,1000,1888.458026
997.138458,1000,1891.000129
995.765505,1000,1894.164905
996.022058,1000,1896.71039
995.906493,1000,1899.480096
995.11294,1000,1901.749862
994.585504,1000,1904.226345
995.301142,1000,1911.657204
995.176771,1000,1914.50228
995.653919,1000,1917.068157
994.708758,1000,1919.463852
994.485935,1000,1921.885427
994.936621,1000,1925.087334
995.319488,1000,1927.401516
995.391383,1000,1929.730325
994.446245,1000,1932.011424
995.317132,1000,1934.323792
994.488435,1000,1936.771508
995.818832,1000,1939.21392
994.855062,1000,1941.636496
993.864378,1000,1943.515165
993.797599,1000,1945.894161
995.229682,1000,1948.349163
993.637161,1000,1950.614809
995.056867,1000,1953.038049
994.354712,1000,1955.420404
994.895121,1000,1958.672544
995.149882,1000,1960.935366
995.148141,1000,1963.156453
995.497708,1000,1965.351598
994.622056,1000,1967.647141
994.627574,1000,1970.016492
994.506597,1000,1976.720865
995.875092,1000,1979.089026
995.545825,1000,1981.425105
995.765735,1000,1983.855277
995.603796,1000,1986.597855
995.720816,1000,1989.539052
997.492925,1000,1993.235426
996.544806,1000,1996.033114
995.035193,1000,1998.912725
995.831197,1000,2001.24222
994.404686,1000,2004.039253
995.486838,1000,2006.840057
995.434825,1000,2009.599144
995.021254,1000,2012.430799
993.671411,1000,2015.099443
995.893839,1000,2017.846383
994.928414,1000,2020.801326
996.506063,1000,2023.90074
995.128545,1000,2026.477624
995.692253,1000,2029.157313
997.054491,1000,2031.730245
995.318874,1000,2034.49387
994.666464,1000,2037.352329
995.332156,1000,2040.055577
996.228233,1000,2042.785495
994.26258,1000,2049.937412
994.565762,1000,2052.212187
995.657381,1000,2054.7469
994.902851,1000,2058.166914
995.478062,1000,2060.885902
995.668126,1000,2063.518122
994.034235,1000,2065.531344
21.079685,52,2065.995918
18.75012,49,2066.070766
27.977219,58,2066.15797
23.147493,53,2066.25648
994.593368,1000,2068.562341
994.289939,1000,2070.955407
20.567111,52,2071.034249
993.663153,1000,2073.587109
995.155741,1000,2076.096062
44.886106,76,2076.211731
20.213034,51,2076.308635
994.449474,1000,2079.037725
22.419703,53,2079.112774
995.642319,1000,2081.33675
994.266425,1000,2083.679331
34.575793,65,2083.783068
995.635319,1000,2086.164267
994.48097,1000,2088.39389
992.648845,1000,2091.403118
32.15879,62,2091.4986
31.756012,63,2091.592325
39.039569,70,2091.695822
22.91891,54,2091.779716
434.262531,464,2092.884361
732.269994,762,2094.842452
993.652819,1000,2097.158927
994.792291,1000,2099.511976
996.733147,1000,2101.876049
997.012711,1000,2104.228518
996.25103,1000,2106.576692
992.060114,1000,2108.933896
996.939806,1000,2115.946627
995.450536,1000,2117.832796
996.160034,1000,2120.063453
995.936181,1000,2122.978902
993.994742,1000,2125.365878
994.674366,1000,2127.634627
996.111477,1000,2129.906982
997.304387,1000,2132.071065
994.638305,1000,2134.357147
996.229948,1000,2136.844607
997.324326,1000,2139.695891
997.394282,1000,2141.956368
997.965659,1000,2144.135211
996.062668,1000,2146.567753
996.846048,1000,2149.158731
1000.540489,1000,2151.780309
997.998675,1000,2154.421407
997.473027,1000,2157.704607
997.492329,1000,2160.340036
998.205958,1000,2162.91409
997.13185,1000,2165.496485
997.406956,1000,2168.071509
998.790567,1000,2170.644423
998.324824,1000,2172.659229
998.321737,1000,2175.113406
999.47297,1000,2181.868485
999.12066,1000,2184.354484
997.084096,1000,2186.753659
998.391098,1000,2189.826164
1000.186322,1000,2192.115231
999.185741,1000,2194.39029
996.753406,1000,2196.798949
999.231857,1000,2199.501839
998.85227,1000,2201.841977
998.5881,1000,2204.188308
1000.757569,1000,2206.51623
1000.533867,1000,2208.873383
996.128021,1000,2211.125739
1000.162927,1000,2213.340677
998.518141,1000,2215.60597
998.126171,1000,2217.823271
999.199372,1000,2220.394959
998.136995,1000,2223.653236
998.148219,1000,2226.280252
999.911771,1000,2228.493037
998.006872,1000,2231.276164
999.862638,1000,2234.087147
1000.258246,1000,2236.869014
998.872554,1000,2239.670452
999.788347,1000,2242.492938
999.918189,1000,2250.175436
998.263377,1000,2252.746055
1000.179408,1000,2255.866251
1000.303427,1000,2258.399552
998.853928,1000,2261.261384
998.528662,1000,2263.760156
998.133628,1000,2266.455489
1000.204547,1000,2269.261398
997.959575,1000,2271.849679
999.120832,1000,2274.519756
998.621396,1000,2277.235839
997.218793,1000,2279.706472
999.819202,1000,2282.203934
997.954344,1000,2284.82802
998.224455,1000,2287.908433
997.347277,1000,2289.87466
999.221308,1000,2292.262883
998.420162,1000,2294.621925
998.542417,1000,2296.867332
998.998903,1000,2299.150478
1000.342802,1000,2301.424304
1000.239194,1000,2303.635508
998.907793,1000,2305.812445
999.132283,1000,2308.017285
998.790911,1000,2310.33945
1000.714152,1000,2317.135912
998.944502,1000,2320.435168
1000.844504,1000,2322.592183
998.992625,1000,2324.798788
999.360325,1000,2327.02665
999.035695,1000,2329.279591
1001.844823,1000,2331.535033
999.889277,1000,2333.840088
1002.324546,1000,2336.169183
1001.030276,1000,2338.518197
999.995424,1000,2340.857783
999.257739,1000,2343.175313
1000.212962,1000,2345.269411
999.066497,1000,2348.112222
999.465599,1000,2350.914815
996.818027,1000,2354.173274
999.757356,1000,2356.673955
999.284674,1000,2359.339252
997.959277,1000,2362.268386
997.474701,1000,2365.18759
998.09782,1000,2368.002259
1000.197102,1000,2370.805972
998.87257,1000,2373.575239
998.439602,1000,2376.202741
998.931205,1000,2379.108264
998.315153,1000,2387.488212
998.780252,1000,2390.446942
999.165515,1000,2393.396746
997.382038,1000,2396.093404
1000.221578,1000,2398.962935
1001.568912,1000,2401.804387
1001.876297,1000,2404.321713
1001.757686,1000,2406.723255
999.5836,1000,2408.795063
1000.913532,1000,2411.192276
1000.843403,1000,2413.794567
1002.604508,1000,2416.322518
1002.398664,1000,2419.498337
1001.139039,1000,2422.130041
1000.438731,1000,2424.680106
1000.117905,1000,2427.232207
999.949121,1000,2429.753206
999.474987,1000,2432.080716
1001.898755,1000,2434.377909
1000.038791,1000,2436.599846
1001.099882,1000,2439.304263
999.515485,1000,2441.580228
999.057451,1000,2444.042118
1001.300826,1000,2446.445622
1000.434372,1000,2448.804289
1000.929526,1000,2456.954493
1001.758556,1000,2459.386911
999.920431,1000,2461.666219
1001.699548,1000,2463.998513
1001.760999,1000,2465.976218
1001.615081,1000,2468.270098
1001.978859,1000,2470.740609
1001.013298,1000,2473.191885
1001.626503,1000,2475.595011
1002.763309,1000,2477.913313
1001.51817,1000,2480.297329
1000.226094,1000,2482.806806
1000.859944,1000,2485.897743
1000.925234,1000,2488.187397
1000.800402,1000,2490.575798
1000.349015,1000,2492.805322
999.939266,1000,2495.106951
999.881326,1000,2497.306462
1000.341955,1000,2500.129608
1001.720139,1000,2502.507386
1000.812442,1000,2504.780106
1001.709098,1000,2507.095691
1002.250535,1000,2509.351408
1001.41735,1000,2511.587445
1001.375954,1000,2513.805528
1001.02077,1000,2521.372227
1000.880634,1000,2523.221913
1001.503484,1000,2525.547214
1001.202911,1000,2527.91365
1000.797357,1000,2530.360452
1001.575942,1000,2532.845554
999.711986,1000,2535.26323
999.54067,1000,2537.724466
1000.835518,1000,2540.096541
1000.84199,1000,2542.492656
1000.244803,1000,2544.905108
1002.392246,1000,2547.367253
1001.431025,1000,2549.883891
1000.811273,1000,2553.023602
1000.639381,1000,2555.426189
1002.427423,1000,2557.880407
1001.189927,1000,2560.421575
1000.735079,1000,2562.684811
1001.381744,1000,2565.113328
1001.109638,1000,2567.790506
1000.307679,1000,2570.482183
1000.241288,1000,2573.195076
1000.674228,1000,2575.286751
1001.512268,1000,2577.892348
1001.401678,1000,2580.435633
1001.074217,1000,2588.385218
1000.919202,1000,2591.066653
1002.043053,1000,2593.503687
1001.748195,1000,2596.28938
1002.099517,1000,2598.741452
1001.497143,1000,2601.503001
1001.173764,1000,2604.192175
1001.63099,1000,2606.801796
1001.897972,1000,2609.491778
1001.756959,1000,2612.175754
1001.035256,1000,2614.669169
1000.607211,1000,2617.858983
1001.571649,1000,2620.463791
1001.01139,1000,2622.916306
1000.477278,1000,2625.293622
1001.58486,1000,2627.567245
1001.62852,1000,2629.994348
1000.976444,1000,2632.466479
1001.447102,1000,2634.397742
1001.738366,1000,2636.77273
1001.655605,1000,2639.469288
1001.983949,1000,2642.037101
1002.448532,1000,2644.525622
1000.750295,1000,2646.883742
1000.619254,1000,2649.07381
1001.178575,1000,2656.358169
